VTX, IDX, ATTRIBUTE0.x, ATTRIBUTE0.y, ATTRIBUTE0.z, ATTRIBUTE1.x, ATTRIBUTE1.y, ATTRIBUTE1.z, ATTRIBUTE1.w, ATTRIBUTE2.x, ATTRIBUTE2.y, ATTRIBUTE2.z, ATTRIBUTE2.w, ATTRIBUTE5.x, ATTRIBUTE5.y, ATTRIBUTE13.x, ATTRIBUTE13.y, ATTRIBUTE13.z, ATTRIBUTE13.w, ATTRIBUTE3.x, ATTRIBUTE3.y, ATTRIBUTE3.z, ATTRIBUTE3.w, ATTRIBUTE14.x, ATTRIBUTE14.y, ATTRIBUTE14.z, ATTRIBUTE14.w, ATTRIBUTE4.x, ATTRIBUTE4.y, ATTRIBUTE4.z, ATTRIBUTE4.w, ATTRIBUTE15.x, ATTRIBUTE15.y, ATTRIBUTE15.z, ATTRIBUTE15.w
0, 24882, -13.15827,  23.98087,  50.33617, -0.29921,  0.94488,  0.11024,  1.00, -0.33071,  0.93701,  0.08661,  1.00,  0.7915,  0.60668,  1.00,  1.00,  1.00,  0.49804, 0, 0, 0, 0, 0, 0, 0, 0,  1.00,  0.00,  0.00,  0.00,  0.00,  0.00,  0.00,  0.00
1, 24883, -13.18831,  24.07612,  49.46444, -0.29921,  0.94488,  0.11024,  1.00, -0.33858,  0.93701,  0.07874,  1.00,  0.7915,  0.61844,  1.00,  1.00,  1.00,  0.49804, 0, 0, 0, 0, 0, 0, 0, 0,  1.00,  0.00,  0.00,  0.00,  0.00,  0.00,  0.00,  0.00
2, 24884, -12.88678,  24.17119,  49.46443, -0.29921,  0.94488,  0.11024,  1.00, -0.33071,  0.93701,  0.07874,  1.00,  0.78501,  0.61844,  1.00,  1.00,  1.00,  0.49804, 0, 0, 0, 0, 0, 0, 0, 0,  1.00,  0.00,  0.00,  0.00,  0.00,  0.00,  0.00,  0.00
3, 24885, -13.19419,  24.09478,  49.2937, -0.29921,  0.94488,  0.11024,  1.00, -0.33858,  0.93701,  0.07874,  1.00,  0.7915,  0.62051,  1.00,  1.00,  1.00,  0.49804, 0, 0, 0, 0, 0, 0, 0, 0,  1.00,  0.00,  0.00,  0.00,  0.00,  0.00,  0.00,  0.00
4, 24884, -12.88678,  24.17119,  49.46443, -0.29921,  0.94488,  0.11024,  1.00, -0.33071,  0.93701,  0.07874,  1.00,  0.78501,  0.61844,  1.00,  1.00,  1.00,  0.49804, 0, 0, 0, 0, 0, 0, 0, 0,  1.00,  0.00,  0.00,  0.00,  0.00,  0.00,  0.00,  0.00
5, 24883, -13.18831,  24.07612,  49.46444, -0.29921,  0.94488,  0.11024,  1.00, -0.33858,  0.93701,  0.07874,  1.00,  0.7915,  0.61844,  1.00,  1.00,  1.00,  0.49804, 0, 0, 0, 0, 0, 0, 0, 0,  1.00,  0.00,  0.00,  0.00,  0.00,  0.00,  0.00,  0.00
6, 24886, -12.73111,  24.24078,  49.2937, -0.29921,  0.94488,  0.11024,  1.00, -0.33071,  0.93701,  0.07874,  1.00,  0.7821,  0.62051,  1.00,  1.00,  1.00,  0.49804, 0, 0, 0, 0, 0, 0, 0, 0,  1.00,  0.00,  0.00,  0.00,  0.00,  0.00,  0.00,  0.00
7, 24884, -12.88678,  24.17119,  49.46443, -0.29921,  0.94488,  0.11024,  1.00, -0.33071,  0.93701,  0.07874,  1.00,  0.78501,  0.61844,  1.00,  1.00,  1.00,  0.49804, 0, 0, 0, 0, 0, 0, 0, 0,  1.00,  0.00,  0.00,  0.00,  0.00,  0.00,  0.00,  0.00
8, 24885, -13.19419,  24.09478,  49.2937, -0.29921,  0.94488,  0.11024,  1.00, -0.33858,  0.93701,  0.07874,  1.00,  0.7915,  0.62051,  1.00,  1.00,  1.00,  0.49804, 0, 0, 0, 0, 0, 0, 0, 0,  1.00,  0.00,  0.00,  0.00,  0.00,  0.00,  0.00,  0.00
9, 24887, -12.71324,  24.13424,  50.22746, -0.29921,  0.94488,  0.11024,  1.00, -0.33071,  0.93701,  0.08661,  1.00,  0.7821,  0.60882,  1.00,  1.00,  1.00,  0.49804, 0, 0, 0, 0, 0, 0, 0, 0,  1.00,  0.00,  0.00,  0.00,  0.00,  0.00,  0.00,  0.00
10, 24884, -12.88678,  24.17119,  49.46443, -0.29921,  0.94488,  0.11024,  1.00, -0.33071,  0.93701,  0.07874,  1.00,  0.78501,  0.61844,  1.00,  1.00,  1.00,  0.49804, 0, 0, 0, 0, 0, 0, 0, 0,  1.00,  0.00,  0.00,  0.00,  0.00,  0.00,  0.00,  0.00
11, 24886, -12.73111,  24.24078,  49.2937, -0.29921,  0.94488,  0.11024,  1.00, -0.33071,  0.93701,  0.07874,  1.00,  0.7821,  0.62051,  1.00,  1.00,  1.00,  0.49804, 0, 0, 0, 0, 0, 0, 0, 0,  1.00,  0.00,  0.00,  0.00,  0.00,  0.00,  0.00,  0.00
12, 24882, -13.15827,  23.98087,  50.33617, -0.29921,  0.94488,  0.11024,  1.00, -0.33071,  0.93701,  0.08661,  1.00,  0.7915,  0.60668,  1.00,  1.00,  1.00,  0.49804, 0, 0, 0, 0, 0, 0, 0, 0,  1.00,  0.00,  0.00,  0.00,  0.00,  0.00,  0.00,  0.00
13, 24884, -12.88678,  24.17119,  49.46443, -0.29921,  0.94488,  0.11024,  1.00, -0.33071,  0.93701,  0.07874,  1.00,  0.78501,  0.61844,  1.00,  1.00,  1.00,  0.49804, 0, 0, 0, 0, 0, 0, 0, 0,  1.00,  0.00,  0.00,  0.00,  0.00,  0.00,  0.00,  0.00
14, 24888, -12.85605,  24.07508,  50.34512, -0.29921,  0.94488,  0.11024,  1.00, -0.33071,  0.93701,  0.08661,  1.00,  0.78501,  0.60668,  1.00,  1.00,  1.00,  0.49804, 0, 0, 0, 0, 0, 0, 0, 0,  1.00,  0.00,  0.00,  0.00,  0.00,  0.00,  0.00,  0.00
15, 24888, -12.85605,  24.07508,  50.34512, -0.29921,  0.94488,  0.11024,  1.00, -0.33071,  0.93701,  0.08661,  1.00,  0.78501,  0.60668,  1.00,  1.00,  1.00,  0.49804, 0, 0, 0, 0, 0, 0, 0, 0,  1.00,  0.00,  0.00,  0.00,  0.00,  0.00,  0.00,  0.00
16, 24884, -12.88678,  24.17119,  49.46443, -0.29921,  0.94488,  0.11024,  1.00, -0.33071,  0.93701,  0.07874,  1.00,  0.78501,  0.61844,  1.00,  1.00,  1.00,  0.49804, 0, 0, 0, 0, 0, 0, 0, 0,  1.00,  0.00,  0.00,  0.00,  0.00,  0.00,  0.00,  0.00
17, 24887, -12.71324,  24.13424,  50.22746, -0.29921,  0.94488,  0.11024,  1.00, -0.33071,  0.93701,  0.08661,  1.00,  0.7821,  0.60882,  1.00,  1.00,  1.00,  0.49804, 0, 0, 0, 0, 0, 0, 0, 0,  1.00,  0.00,  0.00,  0.00,  0.00,  0.00,  0.00,  0.00
18, 24882, -13.15827,  23.98087,  50.33617, -0.29921,  0.94488,  0.11024,  1.00, -0.33071,  0.93701,  0.08661,  1.00,  0.7915,  0.60668,  1.00,  1.00,  1.00,  0.49804, 0, 0, 0, 0, 0, 0, 0, 0,  1.00,  0.00,  0.00,  0.00,  0.00,  0.00,  0.00,  0.00
19, 24888, -12.85605,  24.07508,  50.34512, -0.29921,  0.94488,  0.11024,  1.00, -0.33071,  0.93701,  0.08661,  1.00,  0.78501,  0.60668,  1.00,  1.00,  1.00,  0.49804, 0, 0, 0, 0, 0, 0, 0, 0,  1.00,  0.00,  0.00,  0.00,  0.00,  0.00,  0.00,  0.00
20, 24889, -13.14682,  23.94453,  50.6687, -0.29921,  0.94488,  0.11024,  1.00, -0.33071,  0.93701,  0.08661,  1.00,  0.79151,  0.60255,  1.00,  1.00,  1.00,  0.49804, 0, 0, 0, 0, 0, 0, 0, 0,  1.00,  0.00,  0.00,  0.00,  0.00,  0.00,  0.00,  0.00
21, 24887, -12.71324,  24.13424,  50.22746, -0.29921,  0.94488,  0.11024,  1.00, -0.33071,  0.93701,  0.08661,  1.00,  0.7821,  0.60882,  1.00,  1.00,  1.00,  0.49804, 0, 0, 0, 0, 0, 0, 0, 0,  1.00,  0.00,  0.00,  0.00,  0.00,  0.00,  0.00,  0.00
22, 24890, -11.96204,  24.35415,  50.36832, -0.29921,  0.94488,  0.11024,  1.00, -0.32283,  0.94488,  0.08661,  1.00,  0.77161,  0.60657,  1.00,  1.00,  1.00,  0.49804, 0, 0, 0, 0, 0, 0, 0, 0,  1.00,  0.00,  0.00,  0.00,  0.00,  0.00,  0.00,  0.00
23, 24888, -12.85605,  24.07508,  50.34512, -0.29921,  0.94488,  0.11024,  1.00, -0.33071,  0.93701,  0.08661,  1.00,  0.78501,  0.60668,  1.00,  1.00,  1.00,  0.49804, 0, 0, 0, 0, 0, 0, 0, 0,  1.00,  0.00,  0.00,  0.00,  0.00,  0.00,  0.00,  0.00
24, 24891, -11.84581,  24.40577,  50.24364, -0.29921,  0.94488,  0.11024,  1.00, -0.32283,  0.94488,  0.08661,  1.00,  0.769,  0.60882,  1.00,  1.00,  1.00,  0.49804, 0, 0, 0, 0, 0, 0, 0, 0,  1.00,  0.00,  0.00,  0.00,  0.00,  0.00,  0.00,  0.00
25, 24890, -11.96204,  24.35415,  50.36832, -0.29921,  0.94488,  0.11024,  1.00, -0.32283,  0.94488,  0.08661,  1.00,  0.77161,  0.60657,  1.00,  1.00,  1.00,  0.49804, 0, 0, 0, 0, 0, 0, 0, 0,  1.00,  0.00,  0.00,  0.00,  0.00,  0.00,  0.00,  0.00
26, 24887, -12.71324,  24.13424,  50.22746, -0.29921,  0.94488,  0.11024,  1.00, -0.33071,  0.93701,  0.08661,  1.00,  0.7821,  0.60882,  1.00,  1.00,  1.00,  0.49804, 0, 0, 0, 0, 0, 0, 0, 0,  1.00,  0.00,  0.00,  0.00,  0.00,  0.00,  0.00,  0.00
27, 24892, -11.83147,  24.35309,  50.71984, -0.29921,  0.94488,  0.11024,  1.00, -0.32283,  0.94488,  0.08661,  1.00,  0.769,  0.60254,  1.00,  1.00,  1.00,  0.49804, 0, 0, 0, 0, 0, 0, 0, 0,  1.00,  0.00,  0.00,  0.00,  0.00,  0.00,  0.00,  0.00
28, 24890, -11.96204,  24.35415,  50.36832, -0.29921,  0.94488,  0.11024,  1.00, -0.32283,  0.94488,  0.08661,  1.00,  0.77161,  0.60657,  1.00,  1.00,  1.00,  0.49804, 0, 0, 0, 0, 0, 0, 0, 0,  1.00,  0.00,  0.00,  0.00,  0.00,  0.00,  0.00,  0.00
29, 24891, -11.84581,  24.40577,  50.24364, -0.29921,  0.94488,  0.11024,  1.00, -0.32283,  0.94488,  0.08661,  1.00,  0.769,  0.60882,  1.00,  1.00,  1.00,  0.49804, 0, 0, 0, 0, 0, 0, 0, 0,  1.00,  0.00,  0.00,  0.00,  0.00,  0.00,  0.00,  0.00
30, 24889, -13.14682,  23.94453,  50.6687, -0.29921,  0.94488,  0.11024,  1.00, -0.33071,  0.93701,  0.08661,  1.00,  0.79151,  0.60255,  1.00,  1.00,  1.00,  0.49804, 0, 0, 0, 0, 0, 0, 0, 0,  1.00,  0.00,  0.00,  0.00,  0.00,  0.00,  0.00,  0.00
31, 24888, -12.85605,  24.07508,  50.34512, -0.29921,  0.94488,  0.11024,  1.00, -0.33071,  0.93701,  0.08661,  1.00,  0.78501,  0.60668,  1.00,  1.00,  1.00,  0.49804, 0, 0, 0, 0, 0, 0, 0, 0,  1.00,  0.00,  0.00,  0.00,  0.00,  0.00,  0.00,  0.00
32, 24893, -12.84722,  24.03749,  50.68117, -0.29921,  0.94488,  0.11024,  1.00, -0.33071,  0.93701,  0.08661,  1.00,  0.78501,  0.60255,  1.00,  1.00,  1.00,  0.49804, 0, 0, 0, 0, 0, 0, 0, 0,  1.00,  0.00,  0.00,  0.00,  0.00,  0.00,  0.00,  0.00
33, 24893, -12.84722,  24.03749,  50.68117, -0.29921,  0.94488,  0.11024,  1.00, -0.33071,  0.93701,  0.08661,  1.00,  0.78501,  0.60255,  1.00,  1.00,  1.00,  0.49804, 0, 0, 0, 0, 0, 0, 0, 0,  1.00,  0.00,  0.00,  0.00,  0.00,  0.00,  0.00,  0.00
34, 24888, -12.85605,  24.07508,  50.34512, -0.29921,  0.94488,  0.11024,  1.00, -0.33071,  0.93701,  0.08661,  1.00,  0.78501,  0.60668,  1.00,  1.00,  1.00,  0.49804, 0, 0, 0, 0, 0, 0, 0, 0,  1.00,  0.00,  0.00,  0.00,  0.00,  0.00,  0.00,  0.00
35, 24890, -11.96204,  24.35415,  50.36832, -0.29921,  0.94488,  0.11024,  1.00, -0.32283,  0.94488,  0.08661,  1.00,  0.77161,  0.60657,  1.00,  1.00,  1.00,  0.49804, 0, 0, 0, 0, 0, 0, 0, 0,  1.00,  0.00,  0.00,  0.00,  0.00,  0.00,  0.00,  0.00
36, 24894, -11.95396,  24.31563,  50.71019, -0.29921,  0.94488,  0.11024,  1.00, -0.32283,  0.94488,  0.08661,  1.00,  0.77161,  0.60254,  1.00,  1.00,  1.00,  0.49804, 0, 0, 0, 0, 0, 0, 0, 0,  1.00,  0.00,  0.00,  0.00,  0.00,  0.00,  0.00,  0.00
37, 24890, -11.96204,  24.35415,  50.36832, -0.29921,  0.94488,  0.11024,  1.00, -0.32283,  0.94488,  0.08661,  1.00,  0.77161,  0.60657,  1.00,  1.00,  1.00,  0.49804, 0, 0, 0, 0, 0, 0, 0, 0,  1.00,  0.00,  0.00,  0.00,  0.00,  0.00,  0.00,  0.00
38, 24892, -11.83147,  24.35309,  50.71984, -0.29921,  0.94488,  0.11024,  1.00, -0.32283,  0.94488,  0.08661,  1.00,  0.769,  0.60254,  1.00,  1.00,  1.00,  0.49804, 0, 0, 0, 0, 0, 0, 0, 0,  1.00,  0.00,  0.00,  0.00,  0.00,  0.00,  0.00,  0.00
39, 24893, -12.84722,  24.03749,  50.68117, -0.29921,  0.94488,  0.11024,  1.00, -0.33071,  0.93701,  0.08661,  1.00,  0.78501,  0.60255,  1.00,  1.00,  1.00,  0.49804, 0, 0, 0, 0, 0, 0, 0, 0,  1.00,  0.00,  0.00,  0.00,  0.00,  0.00,  0.00,  0.00
40, 24890, -11.96204,  24.35415,  50.36832, -0.29921,  0.94488,  0.11024,  1.00, -0.32283,  0.94488,  0.08661,  1.00,  0.77161,  0.60657,  1.00,  1.00,  1.00,  0.49804, 0, 0, 0, 0, 0, 0, 0, 0,  1.00,  0.00,  0.00,  0.00,  0.00,  0.00,  0.00,  0.00
41, 24894, -11.95396,  24.31563,  50.71019, -0.29921,  0.94488,  0.11024,  1.00, -0.32283,  0.94488,  0.08661,  1.00,  0.77161,  0.60254,  1.00,  1.00,  1.00,  0.49804, 0, 0, 0, 0, 0, 0, 0, 0,  1.00,  0.00,  0.00,  0.00,  0.00,  0.00,  0.00,  0.00
42, 24892, -11.83147,  24.35309,  50.71984, -0.29921,  0.94488,  0.11024,  1.00, -0.32283,  0.94488,  0.08661,  1.00,  0.769,  0.60254,  1.00,  1.00,  1.00,  0.49804, 0, 0, 0, 0, 0, 0, 0, 0,  1.00,  0.00,  0.00,  0.00,  0.00,  0.00,  0.00,  0.00
43, 24895, -11.9423,  24.28094,  51.02952, -0.29921,  0.94488,  0.11024,  1.00, -0.32283,  0.94488,  0.09449,  1.00,  0.77161,  0.5981,  1.00,  1.00,  1.00,  0.49804, 0, 0, 0, 0, 0, 0, 0, 0,  1.00,  0.00,  0.00,  0.00,  0.00,  0.00,  0.00,  0.00
44, 24894, -11.95396,  24.31563,  50.71019, -0.29921,  0.94488,  0.11024,  1.00, -0.32283,  0.94488,  0.08661,  1.00,  0.77161,  0.60254,  1.00,  1.00,  1.00,  0.49804, 0, 0, 0, 0, 0, 0, 0, 0,  1.00,  0.00,  0.00,  0.00,  0.00,  0.00,  0.00,  0.00
45, 24893, -12.84722,  24.03749,  50.68117, -0.29921,  0.94488,  0.11024,  1.00, -0.33071,  0.93701,  0.08661,  1.00,  0.78501,  0.60255,  1.00,  1.00,  1.00,  0.49804, 0, 0, 0, 0, 0, 0, 0, 0,  1.00,  0.00,  0.00,  0.00,  0.00,  0.00,  0.00,  0.00
46, 24894, -11.95396,  24.31563,  50.71019, -0.29921,  0.94488,  0.11024,  1.00, -0.32283,  0.94488,  0.08661,  1.00,  0.77161,  0.60254,  1.00,  1.00,  1.00,  0.49804, 0, 0, 0, 0, 0, 0, 0, 0,  1.00,  0.00,  0.00,  0.00,  0.00,  0.00,  0.00,  0.00
47, 24895, -11.9423,  24.28094,  51.02952, -0.29921,  0.94488,  0.11024,  1.00, -0.32283,  0.94488,  0.09449,  1.00,  0.77161,  0.5981,  1.00,  1.00,  1.00,  0.49804, 0, 0, 0, 0, 0, 0, 0, 0,  1.00,  0.00,  0.00,  0.00,  0.00,  0.00,  0.00,  0.00
48, 24896, -11.81562,  24.30449,  51.16595, -0.29921,  0.94488,  0.11024,  1.00, -0.32283,  0.94488,  0.09449,  1.00,  0.769,  0.59573,  1.00,  1.00,  1.00,  0.49804, 0, 0, 0, 0, 0, 0, 0, 0,  1.00,  0.00,  0.00,  0.00,  0.00,  0.00,  0.00,  0.00
49, 24895, -11.9423,  24.28094,  51.02952, -0.29921,  0.94488,  0.11024,  1.00, -0.32283,  0.94488,  0.09449,  1.00,  0.77161,  0.5981,  1.00,  1.00,  1.00,  0.49804, 0, 0, 0, 0, 0, 0, 0, 0,  1.00,  0.00,  0.00,  0.00,  0.00,  0.00,  0.00,  0.00
50, 24892, -11.83147,  24.35309,  50.71984, -0.29921,  0.94488,  0.11024,  1.00, -0.32283,  0.94488,  0.08661,  1.00,  0.769,  0.60254,  1.00,  1.00,  1.00,  0.49804, 0, 0, 0, 0, 0, 0, 0, 0,  1.00,  0.00,  0.00,  0.00,  0.00,  0.00,  0.00,  0.00
51, 24897, -12.6864,  24.03355,  51.13605, -0.29921,  0.94488,  0.11024,  1.00, -0.33071,  0.93701,  0.09449,  1.00,  0.7821,  0.59573,  1.00,  1.00,  1.00,  0.49804, 0, 0, 0, 0, 0, 0, 0, 0,  1.00,  0.00,  0.00,  0.00,  0.00,  0.00,  0.00,  0.00
52, 24895, -11.9423,  24.28094,  51.02952, -0.29921,  0.94488,  0.11024,  1.00, -0.32283,  0.94488,  0.09449,  1.00,  0.77161,  0.5981,  1.00,  1.00,  1.00,  0.49804, 0, 0, 0, 0, 0, 0, 0, 0,  1.00,  0.00,  0.00,  0.00,  0.00,  0.00,  0.00,  0.00
53, 24896, -11.81562,  24.30449,  51.16595, -0.29921,  0.94488,  0.11024,  1.00, -0.32283,  0.94488,  0.09449,  1.00,  0.769,  0.59573,  1.00,  1.00,  1.00,  0.49804, 0, 0, 0, 0, 0, 0, 0, 0,  1.00,  0.00,  0.00,  0.00,  0.00,  0.00,  0.00,  0.00
54, 24893, -12.84722,  24.03749,  50.68117, -0.29921,  0.94488,  0.11024,  1.00, -0.33071,  0.93701,  0.08661,  1.00,  0.78501,  0.60255,  1.00,  1.00,  1.00,  0.49804, 0, 0, 0, 0, 0, 0, 0, 0,  1.00,  0.00,  0.00,  0.00,  0.00,  0.00,  0.00,  0.00
55, 24898, -12.83769,  24.00005,  51.01783, -0.29921,  0.94488,  0.11024,  1.00, -0.33071,  0.93701,  0.09449,  1.00,  0.78501,  0.59799,  1.00,  1.00,  1.00,  0.49804, 0, 0, 0, 0, 0, 0, 0, 0,  1.00,  0.00,  0.00,  0.00,  0.00,  0.00,  0.00,  0.00
56, 24889, -13.14682,  23.94453,  50.6687, -0.29921,  0.94488,  0.11024,  1.00, -0.33071,  0.93701,  0.08661,  1.00,  0.79151,  0.60255,  1.00,  1.00,  1.00,  0.49804, 0, 0, 0, 0, 0, 0, 0, 0,  1.00,  0.00,  0.00,  0.00,  0.00,  0.00,  0.00,  0.00
57, 24893, -12.84722,  24.03749,  50.68117, -0.29921,  0.94488,  0.11024,  1.00, -0.33071,  0.93701,  0.08661,  1.00,  0.78501,  0.60255,  1.00,  1.00,  1.00,  0.49804, 0, 0, 0, 0, 0, 0, 0, 0,  1.00,  0.00,  0.00,  0.00,  0.00,  0.00,  0.00,  0.00
58, 24895, -11.9423,  24.28094,  51.02952, -0.29921,  0.94488,  0.11024,  1.00, -0.32283,  0.94488,  0.09449,  1.00,  0.77161,  0.5981,  1.00,  1.00,  1.00,  0.49804, 0, 0, 0, 0, 0, 0, 0, 0,  1.00,  0.00,  0.00,  0.00,  0.00,  0.00,  0.00,  0.00
59, 24898, -12.83769,  24.00005,  51.01783, -0.29921,  0.94488,  0.11024,  1.00, -0.33071,  0.93701,  0.09449,  1.00,  0.78501,  0.59799,  1.00,  1.00,  1.00,  0.49804, 0, 0, 0, 0, 0, 0, 0, 0,  1.00,  0.00,  0.00,  0.00,  0.00,  0.00,  0.00,  0.00
60, 24898, -12.83769,  24.00005,  51.01783, -0.29921,  0.94488,  0.11024,  1.00, -0.33071,  0.93701,  0.09449,  1.00,  0.78501,  0.59799,  1.00,  1.00,  1.00,  0.49804, 0, 0, 0, 0, 0, 0, 0, 0,  1.00,  0.00,  0.00,  0.00,  0.00,  0.00,  0.00,  0.00
61, 24895, -11.9423,  24.28094,  51.02952, -0.29921,  0.94488,  0.11024,  1.00, -0.32283,  0.94488,  0.09449,  1.00,  0.77161,  0.5981,  1.00,  1.00,  1.00,  0.49804, 0, 0, 0, 0, 0, 0, 0, 0,  1.00,  0.00,  0.00,  0.00,  0.00,  0.00,  0.00,  0.00
62, 24897, -12.6864,  24.03355,  51.13605, -0.29921,  0.94488,  0.11024,  1.00, -0.33071,  0.93701,  0.09449,  1.00,  0.7821,  0.59573,  1.00,  1.00,  1.00,  0.49804, 0, 0, 0, 0, 0, 0, 0, 0,  1.00,  0.00,  0.00,  0.00,  0.00,  0.00,  0.00,  0.00
63, 24889, -13.14682,  23.94453,  50.6687, -0.29921,  0.94488,  0.11024,  1.00, -0.33071,  0.93701,  0.08661,  1.00,  0.79151,  0.60255,  1.00,  1.00,  1.00,  0.49804, 0, 0, 0, 0, 0, 0, 0, 0,  1.00,  0.00,  0.00,  0.00,  0.00,  0.00,  0.00,  0.00
64, 24898, -12.83769,  24.00005,  51.01783, -0.29921,  0.94488,  0.11024,  1.00, -0.33071,  0.93701,  0.09449,  1.00,  0.78501,  0.59799,  1.00,  1.00,  1.00,  0.49804, 0, 0, 0, 0, 0, 0, 0, 0,  1.00,  0.00,  0.00,  0.00,  0.00,  0.00,  0.00,  0.00
65, 24899, -13.13518,  23.90761,  51.00655, -0.29921,  0.94488,  0.11024,  1.00, -0.33071,  0.93701,  0.09449,  1.00,  0.79151,  0.59799,  1.00,  1.00,  1.00,  0.49804, 0, 0, 0, 0, 0, 0, 0, 0,  1.00,  0.00,  0.00,  0.00,  0.00,  0.00,  0.00,  0.00
66, 24897, -12.6864,  24.03355,  51.13605, -0.29921,  0.94488,  0.11024,  1.00, -0.33071,  0.93701,  0.09449,  1.00,  0.7821,  0.59573,  1.00,  1.00,  1.00,  0.49804, 0, 0, 0, 0, 0, 0, 0, 0,  1.00,  0.00,  0.00,  0.00,  0.00,  0.00,  0.00,  0.00
67, 24900, -12.81117,  23.9003,  51.9178, -0.29921,  0.94488,  0.11024,  1.00, -0.33071,  0.93701,  0.09449,  1.00,  0.78501,  0.5867,  1.00,  1.00,  1.00,  0.49804, 0, 0, 0, 0, 0, 0, 0, 0,  1.00,  0.00,  0.00,  0.00,  0.00,  0.00,  0.00,  0.00
68, 24898, -12.83769,  24.00005,  51.01783, -0.29921,  0.94488,  0.11024,  1.00, -0.33071,  0.93701,  0.09449,  1.00,  0.78501,  0.59799,  1.00,  1.00,  1.00,  0.49804, 0, 0, 0, 0, 0, 0, 0, 0,  1.00,  0.00,  0.00,  0.00,  0.00,  0.00,  0.00,  0.00
69, 24899, -13.13518,  23.90761,  51.00655, -0.29921,  0.94488,  0.11024,  1.00, -0.33071,  0.93701,  0.09449,  1.00,  0.79151,  0.59799,  1.00,  1.00,  1.00,  0.49804, 0, 0, 0, 0, 0, 0, 0, 0,  1.00,  0.00,  0.00,  0.00,  0.00,  0.00,  0.00,  0.00
70, 24898, -12.83769,  24.00005,  51.01783, -0.29921,  0.94488,  0.11024,  1.00, -0.33071,  0.93701,  0.09449,  1.00,  0.78501,  0.59799,  1.00,  1.00,  1.00,  0.49804, 0, 0, 0, 0, 0, 0, 0, 0,  1.00,  0.00,  0.00,  0.00,  0.00,  0.00,  0.00,  0.00
71, 24900, -12.81117,  23.9003,  51.9178, -0.29921,  0.94488,  0.11024,  1.00, -0.33071,  0.93701,  0.09449,  1.00,  0.78501,  0.5867,  1.00,  1.00,  1.00,  0.49804, 0, 0, 0, 0, 0, 0, 0, 0,  1.00,  0.00,  0.00,  0.00,  0.00,  0.00,  0.00,  0.00
72, 24901, -12.65296,  23.92691,  52.1115, -0.29921,  0.94488,  0.11024,  1.00, -0.33071,  0.93701,  0.10236,  1.00,  0.7821,  0.58458,  1.00,  1.00,  1.00,  0.49804, 0, 0, 0, 0, 0, 0, 0, 0,  1.00,  0.00,  0.00,  0.00,  0.00,  0.00,  0.00,  0.00
73, 24900, -12.81117,  23.9003,  51.9178, -0.29921,  0.94488,  0.11024,  1.00, -0.33071,  0.93701,  0.09449,  1.00,  0.78501,  0.5867,  1.00,  1.00,  1.00,  0.49804, 0, 0, 0, 0, 0, 0, 0, 0,  1.00,  0.00,  0.00,  0.00,  0.00,  0.00,  0.00,  0.00
74, 24897, -12.6864,  24.03355,  51.13605, -0.29921,  0.94488,  0.11024,  1.00, -0.33071,  0.93701,  0.09449,  1.00,  0.7821,  0.59573,  1.00,  1.00,  1.00,  0.49804, 0, 0, 0, 0, 0, 0, 0, 0,  1.00,  0.00,  0.00,  0.00,  0.00,  0.00,  0.00,  0.00
75, 24899, -13.13518,  23.90761,  51.00655, -0.29921,  0.94488,  0.11024,  1.00, -0.33071,  0.93701,  0.09449,  1.00,  0.79151,  0.59799,  1.00,  1.00,  1.00,  0.49804, 0, 0, 0, 0, 0, 0, 0, 0,  1.00,  0.00,  0.00,  0.00,  0.00,  0.00,  0.00,  0.00
76, 24900, -12.81117,  23.9003,  51.9178, -0.29921,  0.94488,  0.11024,  1.00, -0.33071,  0.93701,  0.09449,  1.00,  0.78501,  0.5867,  1.00,  1.00,  1.00,  0.49804, 0, 0, 0, 0, 0, 0, 0, 0,  1.00,  0.00,  0.00,  0.00,  0.00,  0.00,  0.00,  0.00
77, 24902, -13.10379,  23.80804,  51.9178, -0.29921,  0.94488,  0.11024,  1.00, -0.33071,  0.93701,  0.09449,  1.00,  0.7915,  0.5867,  1.00,  1.00,  1.00,  0.49804, 0, 0, 0, 0, 0, 0, 0, 0,  1.00,  0.00,  0.00,  0.00,  0.00,  0.00,  0.00,  0.00
78, 24903, -13.09711,  23.78688,  52.1115, -0.29921,  0.94488,  0.11024,  1.00, -0.33071,  0.93701,  0.10236,  1.00,  0.7915,  0.58458,  1.00,  1.00,  1.00,  0.49804, 0, 0, 0, 0, 0, 0, 0, 0,  1.00,  0.00,  0.00,  0.00,  0.00,  0.00,  0.00,  0.00
79, 24900, -12.81117,  23.9003,  51.9178, -0.29921,  0.94488,  0.11024,  1.00, -0.33071,  0.93701,  0.09449,  1.00,  0.78501,  0.5867,  1.00,  1.00,  1.00,  0.49804, 0, 0, 0, 0, 0, 0, 0, 0,  1.00,  0.00,  0.00,  0.00,  0.00,  0.00,  0.00,  0.00
80, 24901, -12.65296,  23.92691,  52.1115, -0.29921,  0.94488,  0.11024,  1.00, -0.33071,  0.93701,  0.10236,  1.00,  0.7821,  0.58458,  1.00,  1.00,  1.00,  0.49804, 0, 0, 0, 0, 0, 0, 0, 0,  1.00,  0.00,  0.00,  0.00,  0.00,  0.00,  0.00,  0.00
81, 24902, -13.10379,  23.80804,  51.9178, -0.29921,  0.94488,  0.11024,  1.00, -0.33071,  0.93701,  0.09449,  1.00,  0.7915,  0.5867,  1.00,  1.00,  1.00,  0.49804, 0, 0, 0, 0, 0, 0, 0, 0,  1.00,  0.00,  0.00,  0.00,  0.00,  0.00,  0.00,  0.00
82, 24900, -12.81117,  23.9003,  51.9178, -0.29921,  0.94488,  0.11024,  1.00, -0.33071,  0.93701,  0.09449,  1.00,  0.78501,  0.5867,  1.00,  1.00,  1.00,  0.49804, 0, 0, 0, 0, 0, 0, 0, 0,  1.00,  0.00,  0.00,  0.00,  0.00,  0.00,  0.00,  0.00
83, 24903, -13.09711,  23.78688,  52.1115, -0.29921,  0.94488,  0.11024,  1.00, -0.33071,  0.93701,  0.10236,  1.00,  0.7915,  0.58458,  1.00,  1.00,  1.00,  0.49804, 0, 0, 0, 0, 0, 0, 0, 0,  1.00,  0.00,  0.00,  0.00,  0.00,  0.00,  0.00,  0.00
84, 24902, -13.10379,  23.80804,  51.9178, -0.29921,  0.94488,  0.11024,  1.00, -0.33071,  0.93701,  0.09449,  1.00,  0.7915,  0.5867,  1.00,  1.00,  1.00,  0.49804, 0, 0, 0, 0, 0, 0, 0, 0,  1.00,  0.00,  0.00,  0.00,  0.00,  0.00,  0.00,  0.00
85, 24903, -13.09711,  23.78688,  52.1115, -0.29921,  0.94488,  0.11024,  1.00, -0.33071,  0.93701,  0.10236,  1.00,  0.7915,  0.58458,  1.00,  1.00,  1.00,  0.49804, 0, 0, 0, 0, 0, 0, 0, 0,  1.00,  0.00,  0.00,  0.00,  0.00,  0.00,  0.00,  0.00
86, 24904, -13.3964,  23.71579,  51.9178, -0.29921,  0.94488,  0.11024,  1.00, -0.33858,  0.93701,  0.09449,  1.00,  0.78501,  0.5867,  1.00,  1.00,  1.00,  0.49804, 0, 0, 0, 0, 0, 0, 0, 0,  1.00,  0.00,  0.00,  0.00,  0.00,  0.00,  0.00,  0.00
87, 24905, -13.54127,  23.64684,  52.1115, -0.29921,  0.94488,  0.11024,  1.00, -0.33858,  0.93701,  0.10236,  1.00,  0.7821,  0.58458,  1.00,  1.00,  1.00,  0.49804, 0, 0, 0, 0, 0, 0, 0, 0,  1.00,  0.00,  0.00,  0.00,  0.00,  0.00,  0.00,  0.00
88, 24904, -13.3964,  23.71579,  51.9178, -0.29921,  0.94488,  0.11024,  1.00, -0.33858,  0.93701,  0.09449,  1.00,  0.78501,  0.5867,  1.00,  1.00,  1.00,  0.49804, 0, 0, 0, 0, 0, 0, 0, 0,  1.00,  0.00,  0.00,  0.00,  0.00,  0.00,  0.00,  0.00
89, 24903, -13.09711,  23.78688,  52.1115, -0.29921,  0.94488,  0.11024,  1.00, -0.33071,  0.93701,  0.10236,  1.00,  0.7915,  0.58458,  1.00,  1.00,  1.00,  0.49804, 0, 0, 0, 0, 0, 0, 0, 0,  1.00,  0.00,  0.00,  0.00,  0.00,  0.00,  0.00,  0.00
90, 24902, -13.10379,  23.80804,  51.9178, -0.29921,  0.94488,  0.11024,  1.00, -0.33071,  0.93701,  0.09449,  1.00,  0.7915,  0.5867,  1.00,  1.00,  1.00,  0.49804, 0, 0, 0, 0, 0, 0, 0, 0,  1.00,  0.00,  0.00,  0.00,  0.00,  0.00,  0.00,  0.00
91, 24904, -13.3964,  23.71579,  51.9178, -0.29921,  0.94488,  0.11024,  1.00, -0.33858,  0.93701,  0.09449,  1.00,  0.78501,  0.5867,  1.00,  1.00,  1.00,  0.49804, 0, 0, 0, 0, 0, 0, 0, 0,  1.00,  0.00,  0.00,  0.00,  0.00,  0.00,  0.00,  0.00
92, 24906, -13.13518,  23.90761,  51.00655, -0.29921,  0.94488,  0.11024,  1.00, -0.33071,  0.93701,  0.09449,  1.00,  0.79151,  0.59799,  1.00,  1.00,  1.00,  0.49804, 0, 0, 0, 0, 0, 0, 0, 0,  1.00,  0.00,  0.00,  0.00,  0.00,  0.00,  0.00,  0.00
93, 24905, -13.54127,  23.64684,  52.1115, -0.29921,  0.94488,  0.11024,  1.00, -0.33858,  0.93701,  0.10236,  1.00,  0.7821,  0.58458,  1.00,  1.00,  1.00,  0.49804, 0, 0, 0, 0, 0, 0, 0, 0,  1.00,  0.00,  0.00,  0.00,  0.00,  0.00,  0.00,  0.00
94, 24907, -13.57504,  23.75338,  51.13605, -0.29921,  0.94488,  0.11024,  1.00, -0.33858,  0.93701,  0.09449,  1.00,  0.7821,  0.59573,  1.00,  1.00,  1.00,  0.49804, 0, 0, 0, 0, 0, 0, 0, 0,  1.00,  0.00,  0.00,  0.00,  0.00,  0.00,  0.00,  0.00
95, 24904, -13.3964,  23.71579,  51.9178, -0.29921,  0.94488,  0.11024,  1.00, -0.33858,  0.93701,  0.09449,  1.00,  0.78501,  0.5867,  1.00,  1.00,  1.00,  0.49804, 0, 0, 0, 0, 0, 0, 0, 0,  1.00,  0.00,  0.00,  0.00,  0.00,  0.00,  0.00,  0.00
96, 24904, -13.3964,  23.71579,  51.9178, -0.29921,  0.94488,  0.11024,  1.00, -0.33858,  0.93701,  0.09449,  1.00,  0.78501,  0.5867,  1.00,  1.00,  1.00,  0.49804, 0, 0, 0, 0, 0, 0, 0, 0,  1.00,  0.00,  0.00,  0.00,  0.00,  0.00,  0.00,  0.00
97, 24908, -13.43189,  23.81271,  51.01783, -0.29921,  0.94488,  0.11024,  1.00, -0.33858,  0.93701,  0.09449,  1.00,  0.78501,  0.59799,  1.00,  1.00,  1.00,  0.49804, 0, 0, 0, 0, 0, 0, 0, 0,  1.00,  0.00,  0.00,  0.00,  0.00,  0.00,  0.00,  0.00
98, 24906, -13.13518,  23.90761,  51.00655, -0.29921,  0.94488,  0.11024,  1.00, -0.33071,  0.93701,  0.09449,  1.00,  0.79151,  0.59799,  1.00,  1.00,  1.00,  0.49804, 0, 0, 0, 0, 0, 0, 0, 0,  1.00,  0.00,  0.00,  0.00,  0.00,  0.00,  0.00,  0.00
99, 24908, -13.43189,  23.81271,  51.01783, -0.29921,  0.94488,  0.11024,  1.00, -0.33858,  0.93701,  0.09449,  1.00,  0.78501,  0.59799,  1.00,  1.00,  1.00,  0.49804, 0, 0, 0, 0, 0, 0, 0, 0,  1.00,  0.00,  0.00,  0.00,  0.00,  0.00,  0.00,  0.00
100, 24904, -13.3964,  23.71579,  51.9178, -0.29921,  0.94488,  0.11024,  1.00, -0.33858,  0.93701,  0.09449,  1.00,  0.78501,  0.5867,  1.00,  1.00,  1.00,  0.49804, 0, 0, 0, 0, 0, 0, 0, 0,  1.00,  0.00,  0.00,  0.00,  0.00,  0.00,  0.00,  0.00
101, 24907, -13.57504,  23.75338,  51.13605, -0.29921,  0.94488,  0.11024,  1.00, -0.33858,  0.93701,  0.09449,  1.00,  0.7821,  0.59573,  1.00,  1.00,  1.00,  0.49804, 0, 0, 0, 0, 0, 0, 0, 0,  1.00,  0.00,  0.00,  0.00,  0.00,  0.00,  0.00,  0.00
102, 24906, -13.13518,  23.90761,  51.00655, -0.29921,  0.94488,  0.11024,  1.00, -0.33071,  0.93701,  0.09449,  1.00,  0.79151,  0.59799,  1.00,  1.00,  1.00,  0.49804, 0, 0, 0, 0, 0, 0, 0, 0,  1.00,  0.00,  0.00,  0.00,  0.00,  0.00,  0.00,  0.00
103, 24908, -13.43189,  23.81271,  51.01783, -0.29921,  0.94488,  0.11024,  1.00, -0.33858,  0.93701,  0.09449,  1.00,  0.78501,  0.59799,  1.00,  1.00,  1.00,  0.49804, 0, 0, 0, 0, 0, 0, 0, 0,  1.00,  0.00,  0.00,  0.00,  0.00,  0.00,  0.00,  0.00
104, 24909, -13.14682,  23.94453,  50.6687, -0.29921,  0.94488,  0.11024,  1.00, -0.33071,  0.93701,  0.08661,  1.00,  0.79151,  0.60255,  1.00,  1.00,  1.00,  0.49804, 0, 0, 0, 0, 0, 0, 0, 0,  1.00,  0.00,  0.00,  0.00,  0.00,  0.00,  0.00,  0.00
105, 24908, -13.43189,  23.81271,  51.01783, -0.29921,  0.94488,  0.11024,  1.00, -0.33858,  0.93701,  0.09449,  1.00,  0.78501,  0.59799,  1.00,  1.00,  1.00,  0.49804, 0, 0, 0, 0, 0, 0, 0, 0,  1.00,  0.00,  0.00,  0.00,  0.00,  0.00,  0.00,  0.00
106, 24907, -13.57504,  23.75338,  51.13605, -0.29921,  0.94488,  0.11024,  1.00, -0.33858,  0.93701,  0.09449,  1.00,  0.7821,  0.59573,  1.00,  1.00,  1.00,  0.49804, 0, 0, 0, 0, 0, 0, 0, 0,  1.00,  0.00,  0.00,  0.00,  0.00,  0.00,  0.00,  0.00
107, 24910, -14.32648,  23.52927,  51.02952, -0.29921,  0.94488,  0.11024,  1.00, -0.34646,  0.93701,  0.09449,  1.00,  0.77161,  0.5981,  1.00,  1.00,  1.00,  0.49804, 0, 0, 0, 0, 0, 0, 0, 0,  1.00,  0.00,  0.00,  0.00,  0.00,  0.00,  0.00,  0.00
108, 24911, -14.44376,  23.4759,  51.16595, -0.29921,  0.94488,  0.11024,  1.00, -0.34646,  0.93701,  0.09449,  1.00,  0.769,  0.59573,  1.00,  1.00,  1.00,  0.49804, 0, 0, 0, 0, 0, 0, 0, 0,  1.00,  0.00,  0.00,  0.00,  0.00,  0.00,  0.00,  0.00
109, 24910, -14.32648,  23.52927,  51.02952, -0.29921,  0.94488,  0.11024,  1.00, -0.34646,  0.93701,  0.09449,  1.00,  0.77161,  0.5981,  1.00,  1.00,  1.00,  0.49804, 0, 0, 0, 0, 0, 0, 0, 0,  1.00,  0.00,  0.00,  0.00,  0.00,  0.00,  0.00,  0.00
110, 24907, -13.57504,  23.75338,  51.13605, -0.29921,  0.94488,  0.11024,  1.00, -0.33858,  0.93701,  0.09449,  1.00,  0.7821,  0.59573,  1.00,  1.00,  1.00,  0.49804, 0, 0, 0, 0, 0, 0, 0, 0,  1.00,  0.00,  0.00,  0.00,  0.00,  0.00,  0.00,  0.00
111, 24911, -14.44376,  23.4759,  51.16595, -0.29921,  0.94488,  0.11024,  1.00, -0.34646,  0.93701,  0.09449,  1.00,  0.769,  0.59573,  1.00,  1.00,  1.00,  0.49804, 0, 0, 0, 0, 0, 0, 0, 0,  1.00,  0.00,  0.00,  0.00,  0.00,  0.00,  0.00,  0.00
112, 24912, -14.45865,  23.5248,  50.71984, -0.29921,  0.94488,  0.11024,  1.00, -0.34646,  0.93701,  0.08661,  1.00,  0.769,  0.60254,  1.00,  1.00,  1.00,  0.49804, 0, 0, 0, 0, 0, 0, 0, 0,  1.00,  0.00,  0.00,  0.00,  0.00,  0.00,  0.00,  0.00
113, 24910, -14.32648,  23.52927,  51.02952, -0.29921,  0.94488,  0.11024,  1.00, -0.34646,  0.93701,  0.09449,  1.00,  0.77161,  0.5981,  1.00,  1.00,  1.00,  0.49804, 0, 0, 0, 0, 0, 0, 0, 0,  1.00,  0.00,  0.00,  0.00,  0.00,  0.00,  0.00,  0.00
114, 24913, -13.44555,  23.84885,  50.68117, -0.29921,  0.94488,  0.11024,  1.00, -0.33858,  0.93701,  0.08661,  1.00,  0.78501,  0.60255,  1.00,  1.00,  1.00,  0.49804, 0, 0, 0, 0, 0, 0, 0, 0,  1.00,  0.00,  0.00,  0.00,  0.00,  0.00,  0.00,  0.00
115, 24909, -13.14682,  23.94453,  50.6687, -0.29921,  0.94488,  0.11024,  1.00, -0.33071,  0.93701,  0.08661,  1.00,  0.79151,  0.60255,  1.00,  1.00,  1.00,  0.49804, 0, 0, 0, 0, 0, 0, 0, 0,  1.00,  0.00,  0.00,  0.00,  0.00,  0.00,  0.00,  0.00
116, 24908, -13.43189,  23.81271,  51.01783, -0.29921,  0.94488,  0.11024,  1.00, -0.33858,  0.93701,  0.09449,  1.00,  0.78501,  0.59799,  1.00,  1.00,  1.00,  0.49804, 0, 0, 0, 0, 0, 0, 0, 0,  1.00,  0.00,  0.00,  0.00,  0.00,  0.00,  0.00,  0.00
117, 24908, -13.43189,  23.81271,  51.01783, -0.29921,  0.94488,  0.11024,  1.00, -0.33858,  0.93701,  0.09449,  1.00,  0.78501,  0.59799,  1.00,  1.00,  1.00,  0.49804, 0, 0, 0, 0, 0, 0, 0, 0,  1.00,  0.00,  0.00,  0.00,  0.00,  0.00,  0.00,  0.00
118, 24910, -14.32648,  23.52927,  51.02952, -0.29921,  0.94488,  0.11024,  1.00, -0.34646,  0.93701,  0.09449,  1.00,  0.77161,  0.5981,  1.00,  1.00,  1.00,  0.49804, 0, 0, 0, 0, 0, 0, 0, 0,  1.00,  0.00,  0.00,  0.00,  0.00,  0.00,  0.00,  0.00
119, 24913, -13.44555,  23.84885,  50.68117, -0.29921,  0.94488,  0.11024,  1.00, -0.33858,  0.93701,  0.08661,  1.00,  0.78501,  0.60255,  1.00,  1.00,  1.00,  0.49804, 0, 0, 0, 0, 0, 0, 0, 0,  1.00,  0.00,  0.00,  0.00,  0.00,  0.00,  0.00,  0.00
120, 24914, -14.33682,  23.56437,  50.71019, -0.29921,  0.94488,  0.11024,  1.00, -0.34646,  0.93701,  0.08661,  1.00,  0.77161,  0.60254,  1.00,  1.00,  1.00,  0.49804, 0, 0, 0, 0, 0, 0, 0, 0,  1.00,  0.00,  0.00,  0.00,  0.00,  0.00,  0.00,  0.00
121, 24910, -14.32648,  23.52927,  51.02952, -0.29921,  0.94488,  0.11024,  1.00, -0.34646,  0.93701,  0.09449,  1.00,  0.77161,  0.5981,  1.00,  1.00,  1.00,  0.49804, 0, 0, 0, 0, 0, 0, 0, 0,  1.00,  0.00,  0.00,  0.00,  0.00,  0.00,  0.00,  0.00
122, 24912, -14.45865,  23.5248,  50.71984, -0.29921,  0.94488,  0.11024,  1.00, -0.34646,  0.93701,  0.08661,  1.00,  0.769,  0.60254,  1.00,  1.00,  1.00,  0.49804, 0, 0, 0, 0, 0, 0, 0, 0,  1.00,  0.00,  0.00,  0.00,  0.00,  0.00,  0.00,  0.00
123, 24910, -14.32648,  23.52927,  51.02952, -0.29921,  0.94488,  0.11024,  1.00, -0.34646,  0.93701,  0.09449,  1.00,  0.77161,  0.5981,  1.00,  1.00,  1.00,  0.49804, 0, 0, 0, 0, 0, 0, 0, 0,  1.00,  0.00,  0.00,  0.00,  0.00,  0.00,  0.00,  0.00
124, 24914, -14.33682,  23.56437,  50.71019, -0.29921,  0.94488,  0.11024,  1.00, -0.34646,  0.93701,  0.08661,  1.00,  0.77161,  0.60254,  1.00,  1.00,  1.00,  0.49804, 0, 0, 0, 0, 0, 0, 0, 0,  1.00,  0.00,  0.00,  0.00,  0.00,  0.00,  0.00,  0.00
125, 24913, -13.44555,  23.84885,  50.68117, -0.29921,  0.94488,  0.11024,  1.00, -0.33858,  0.93701,  0.08661,  1.00,  0.78501,  0.60255,  1.00,  1.00,  1.00,  0.49804, 0, 0, 0, 0, 0, 0, 0, 0,  1.00,  0.00,  0.00,  0.00,  0.00,  0.00,  0.00,  0.00
126, 24914, -14.33682,  23.56437,  50.71019, -0.29921,  0.94488,  0.11024,  1.00, -0.34646,  0.93701,  0.08661,  1.00,  0.77161,  0.60254,  1.00,  1.00,  1.00,  0.49804, 0, 0, 0, 0, 0, 0, 0, 0,  1.00,  0.00,  0.00,  0.00,  0.00,  0.00,  0.00,  0.00
127, 24912, -14.45865,  23.5248,  50.71984, -0.29921,  0.94488,  0.11024,  1.00, -0.34646,  0.93701,  0.08661,  1.00,  0.769,  0.60254,  1.00,  1.00,  1.00,  0.49804, 0, 0, 0, 0, 0, 0, 0, 0,  1.00,  0.00,  0.00,  0.00,  0.00,  0.00,  0.00,  0.00
128, 24915, -14.3523,  23.60056,  50.36832, -0.29921,  0.94488,  0.11024,  1.00, -0.34646,  0.93701,  0.08661,  1.00,  0.77161,  0.60657,  1.00,  1.00,  1.00,  0.49804, 0, 0, 0, 0, 0, 0, 0, 0,  1.00,  0.00,  0.00,  0.00,  0.00,  0.00,  0.00,  0.00
129, 24914, -14.33682,  23.56437,  50.71019, -0.29921,  0.94488,  0.11024,  1.00, -0.34646,  0.93701,  0.08661,  1.00,  0.77161,  0.60254,  1.00,  1.00,  1.00,  0.49804, 0, 0, 0, 0, 0, 0, 0, 0,  1.00,  0.00,  0.00,  0.00,  0.00,  0.00,  0.00,  0.00
130, 24915, -14.3523,  23.60056,  50.36832, -0.29921,  0.94488,  0.11024,  1.00, -0.34646,  0.93701,  0.08661,  1.00,  0.77161,  0.60657,  1.00,  1.00,  1.00,  0.49804, 0, 0, 0, 0, 0, 0, 0, 0,  1.00,  0.00,  0.00,  0.00,  0.00,  0.00,  0.00,  0.00
131, 24913, -13.44555,  23.84885,  50.68117, -0.29921,  0.94488,  0.11024,  1.00, -0.33858,  0.93701,  0.08661,  1.00,  0.78501,  0.60255,  1.00,  1.00,  1.00,  0.49804, 0, 0, 0, 0, 0, 0, 0, 0,  1.00,  0.00,  0.00,  0.00,  0.00,  0.00,  0.00,  0.00
132, 24916, -14.47712,  23.57618,  50.24364, -0.29921,  0.94488,  0.11024,  1.00, -0.34646,  0.93701,  0.08661,  1.00,  0.769,  0.60882,  1.00,  1.00,  1.00,  0.49804, 0, 0, 0, 0, 0, 0, 0, 0,  1.00,  0.00,  0.00,  0.00,  0.00,  0.00,  0.00,  0.00
133, 24915, -14.3523,  23.60056,  50.36832, -0.29921,  0.94488,  0.11024,  1.00, -0.34646,  0.93701,  0.08661,  1.00,  0.77161,  0.60657,  1.00,  1.00,  1.00,  0.49804, 0, 0, 0, 0, 0, 0, 0, 0,  1.00,  0.00,  0.00,  0.00,  0.00,  0.00,  0.00,  0.00
134, 24912, -14.45865,  23.5248,  50.71984, -0.29921,  0.94488,  0.11024,  1.00, -0.34646,  0.93701,  0.08661,  1.00,  0.769,  0.60254,  1.00,  1.00,  1.00,  0.49804, 0, 0, 0, 0, 0, 0, 0, 0,  1.00,  0.00,  0.00,  0.00,  0.00,  0.00,  0.00,  0.00
135, 24916, -14.47712,  23.57618,  50.24364, -0.29921,  0.94488,  0.11024,  1.00, -0.34646,  0.93701,  0.08661,  1.00,  0.769,  0.60882,  1.00,  1.00,  1.00,  0.49804, 0, 0, 0, 0, 0, 0, 0, 0,  1.00,  0.00,  0.00,  0.00,  0.00,  0.00,  0.00,  0.00
136, 24917, -13.6108,  23.85126,  50.22746, -0.29921,  0.94488,  0.11024,  1.00, -0.33858,  0.93701,  0.08661,  1.00,  0.7821,  0.60882,  1.00,  1.00,  1.00,  0.49804, 0, 0, 0, 0, 0, 0, 0, 0,  1.00,  0.00,  0.00,  0.00,  0.00,  0.00,  0.00,  0.00
137, 24915, -14.3523,  23.60056,  50.36832, -0.29921,  0.94488,  0.11024,  1.00, -0.34646,  0.93701,  0.08661,  1.00,  0.77161,  0.60657,  1.00,  1.00,  1.00,  0.49804, 0, 0, 0, 0, 0, 0, 0, 0,  1.00,  0.00,  0.00,  0.00,  0.00,  0.00,  0.00,  0.00
138, 24913, -13.44555,  23.84885,  50.68117, -0.29921,  0.94488,  0.11024,  1.00, -0.33858,  0.93701,  0.08661,  1.00,  0.78501,  0.60255,  1.00,  1.00,  1.00,  0.49804, 0, 0, 0, 0, 0, 0, 0, 0,  1.00,  0.00,  0.00,  0.00,  0.00,  0.00,  0.00,  0.00
139, 24918, -13.45988,  23.8847,  50.34512, -0.29921,  0.94488,  0.11024,  1.00, -0.33858,  0.93701,  0.08661,  1.00,  0.78501,  0.60668,  1.00,  1.00,  1.00,  0.49804, 0, 0, 0, 0, 0, 0, 0, 0,  1.00,  0.00,  0.00,  0.00,  0.00,  0.00,  0.00,  0.00
140, 24909, -13.14682,  23.94453,  50.6687, -0.29921,  0.94488,  0.11024,  1.00, -0.33071,  0.93701,  0.08661,  1.00,  0.79151,  0.60255,  1.00,  1.00,  1.00,  0.49804, 0, 0, 0, 0, 0, 0, 0, 0,  1.00,  0.00,  0.00,  0.00,  0.00,  0.00,  0.00,  0.00
141, 24915, -14.3523,  23.60056,  50.36832, -0.29921,  0.94488,  0.11024,  1.00, -0.34646,  0.93701,  0.08661,  1.00,  0.77161,  0.60657,  1.00,  1.00,  1.00,  0.49804, 0, 0, 0, 0, 0, 0, 0, 0,  1.00,  0.00,  0.00,  0.00,  0.00,  0.00,  0.00,  0.00
142, 24918, -13.45988,  23.8847,  50.34512, -0.29921,  0.94488,  0.11024,  1.00, -0.33858,  0.93701,  0.08661,  1.00,  0.78501,  0.60668,  1.00,  1.00,  1.00,  0.49804, 0, 0, 0, 0, 0, 0, 0, 0,  1.00,  0.00,  0.00,  0.00,  0.00,  0.00,  0.00,  0.00
143, 24913, -13.44555,  23.84885,  50.68117, -0.29921,  0.94488,  0.11024,  1.00, -0.33858,  0.93701,  0.08661,  1.00,  0.78501,  0.60255,  1.00,  1.00,  1.00,  0.49804, 0, 0, 0, 0, 0, 0, 0, 0,  1.00,  0.00,  0.00,  0.00,  0.00,  0.00,  0.00,  0.00
144, 24918, -13.45988,  23.8847,  50.34512, -0.29921,  0.94488,  0.11024,  1.00, -0.33858,  0.93701,  0.08661,  1.00,  0.78501,  0.60668,  1.00,  1.00,  1.00,  0.49804, 0, 0, 0, 0, 0, 0, 0, 0,  1.00,  0.00,  0.00,  0.00,  0.00,  0.00,  0.00,  0.00
145, 24915, -14.3523,  23.60056,  50.36832, -0.29921,  0.94488,  0.11024,  1.00, -0.34646,  0.93701,  0.08661,  1.00,  0.77161,  0.60657,  1.00,  1.00,  1.00,  0.49804, 0, 0, 0, 0, 0, 0, 0, 0,  1.00,  0.00,  0.00,  0.00,  0.00,  0.00,  0.00,  0.00
146, 24917, -13.6108,  23.85126,  50.22746, -0.29921,  0.94488,  0.11024,  1.00, -0.33858,  0.93701,  0.08661,  1.00,  0.7821,  0.60882,  1.00,  1.00,  1.00,  0.49804, 0, 0, 0, 0, 0, 0, 0, 0,  1.00,  0.00,  0.00,  0.00,  0.00,  0.00,  0.00,  0.00
147, 24919, -13.15827,  23.98087,  50.33617, -0.29921,  0.94488,  0.11024,  1.00, -0.33071,  0.93701,  0.08661,  1.00,  0.7915,  0.60668,  1.00,  1.00,  1.00,  0.49804, 0, 0, 0, 0, 0, 0, 0, 0,  1.00,  0.00,  0.00,  0.00,  0.00,  0.00,  0.00,  0.00
148, 24909, -13.14682,  23.94453,  50.6687, -0.29921,  0.94488,  0.11024,  1.00, -0.33071,  0.93701,  0.08661,  1.00,  0.79151,  0.60255,  1.00,  1.00,  1.00,  0.49804, 0, 0, 0, 0, 0, 0, 0, 0,  1.00,  0.00,  0.00,  0.00,  0.00,  0.00,  0.00,  0.00
149, 24918, -13.45988,  23.8847,  50.34512, -0.29921,  0.94488,  0.11024,  1.00, -0.33858,  0.93701,  0.08661,  1.00,  0.78501,  0.60668,  1.00,  1.00,  1.00,  0.49804, 0, 0, 0, 0, 0, 0, 0, 0,  1.00,  0.00,  0.00,  0.00,  0.00,  0.00,  0.00,  0.00
150, 24918, -13.45988,  23.8847,  50.34512, -0.29921,  0.94488,  0.11024,  1.00, -0.33858,  0.93701,  0.08661,  1.00,  0.78501,  0.60668,  1.00,  1.00,  1.00,  0.49804, 0, 0, 0, 0, 0, 0, 0, 0,  1.00,  0.00,  0.00,  0.00,  0.00,  0.00,  0.00,  0.00
151, 24917, -13.6108,  23.85126,  50.22746, -0.29921,  0.94488,  0.11024,  1.00, -0.33858,  0.93701,  0.08661,  1.00,  0.7821,  0.60882,  1.00,  1.00,  1.00,  0.49804, 0, 0, 0, 0, 0, 0, 0, 0,  1.00,  0.00,  0.00,  0.00,  0.00,  0.00,  0.00,  0.00
152, 24920, -13.48984,  23.98106,  49.46443, -0.29921,  0.94488,  0.11024,  1.00, -0.33858,  0.93701,  0.07874,  1.00,  0.78501,  0.61844,  1.00,  1.00,  1.00,  0.49804, 0, 0, 0, 0, 0, 0, 0, 0,  1.00,  0.00,  0.00,  0.00,  0.00,  0.00,  0.00,  0.00
153, 24918, -13.45988,  23.8847,  50.34512, -0.29921,  0.94488,  0.11024,  1.00, -0.33858,  0.93701,  0.08661,  1.00,  0.78501,  0.60668,  1.00,  1.00,  1.00,  0.49804, 0, 0, 0, 0, 0, 0, 0, 0,  1.00,  0.00,  0.00,  0.00,  0.00,  0.00,  0.00,  0.00
154, 24920, -13.48984,  23.98106,  49.46443, -0.29921,  0.94488,  0.11024,  1.00, -0.33858,  0.93701,  0.07874,  1.00,  0.78501,  0.61844,  1.00,  1.00,  1.00,  0.49804, 0, 0, 0, 0, 0, 0, 0, 0,  1.00,  0.00,  0.00,  0.00,  0.00,  0.00,  0.00,  0.00
155, 24919, -13.15827,  23.98087,  50.33617, -0.29921,  0.94488,  0.11024,  1.00, -0.33071,  0.93701,  0.08661,  1.00,  0.7915,  0.60668,  1.00,  1.00,  1.00,  0.49804, 0, 0, 0, 0, 0, 0, 0, 0,  1.00,  0.00,  0.00,  0.00,  0.00,  0.00,  0.00,  0.00
156, 24921, -13.65727,  23.94878,  49.2937, -0.29921,  0.94488,  0.11024,  1.00, -0.33858,  0.93701,  0.07874,  1.00,  0.7821,  0.62051,  1.00,  1.00,  1.00,  0.49804, 0, 0, 0, 0, 0, 0, 0, 0,  1.00,  0.00,  0.00,  0.00,  0.00,  0.00,  0.00,  0.00
157, 24920, -13.48984,  23.98106,  49.46443, -0.29921,  0.94488,  0.11024,  1.00, -0.33858,  0.93701,  0.07874,  1.00,  0.78501,  0.61844,  1.00,  1.00,  1.00,  0.49804, 0, 0, 0, 0, 0, 0, 0, 0,  1.00,  0.00,  0.00,  0.00,  0.00,  0.00,  0.00,  0.00
158, 24917, -13.6108,  23.85126,  50.22746, -0.29921,  0.94488,  0.11024,  1.00, -0.33858,  0.93701,  0.08661,  1.00,  0.7821,  0.60882,  1.00,  1.00,  1.00,  0.49804, 0, 0, 0, 0, 0, 0, 0, 0,  1.00,  0.00,  0.00,  0.00,  0.00,  0.00,  0.00,  0.00
159, 24920, -13.48984,  23.98106,  49.46443, -0.29921,  0.94488,  0.11024,  1.00, -0.33858,  0.93701,  0.07874,  1.00,  0.78501,  0.61844,  1.00,  1.00,  1.00,  0.49804, 0, 0, 0, 0, 0, 0, 0, 0,  1.00,  0.00,  0.00,  0.00,  0.00,  0.00,  0.00,  0.00
160, 24922, -13.18831,  24.07612,  49.46444, -0.29921,  0.94488,  0.11024,  1.00, -0.33858,  0.93701,  0.07874,  1.00,  0.7915,  0.61844,  1.00,  1.00,  1.00,  0.49804, 0, 0, 0, 0, 0, 0, 0, 0,  1.00,  0.00,  0.00,  0.00,  0.00,  0.00,  0.00,  0.00
161, 24919, -13.15827,  23.98087,  50.33617, -0.29921,  0.94488,  0.11024,  1.00, -0.33071,  0.93701,  0.08661,  1.00,  0.7915,  0.60668,  1.00,  1.00,  1.00,  0.49804, 0, 0, 0, 0, 0, 0, 0, 0,  1.00,  0.00,  0.00,  0.00,  0.00,  0.00,  0.00,  0.00
162, 24921, -13.65727,  23.94878,  49.2937, -0.29921,  0.94488,  0.11024,  1.00, -0.33858,  0.93701,  0.07874,  1.00,  0.7821,  0.62051,  1.00,  1.00,  1.00,  0.49804, 0, 0, 0, 0, 0, 0, 0, 0,  1.00,  0.00,  0.00,  0.00,  0.00,  0.00,  0.00,  0.00
163, 24885, -13.19419,  24.09478,  49.2937, -0.29921,  0.94488,  0.11024,  1.00, -0.33858,  0.93701,  0.07874,  1.00,  0.7915,  0.62051,  1.00,  1.00,  1.00,  0.49804, 0, 0, 0, 0, 0, 0, 0, 0,  1.00,  0.00,  0.00,  0.00,  0.00,  0.00,  0.00,  0.00
164, 24920, -13.48984,  23.98106,  49.46443, -0.29921,  0.94488,  0.11024,  1.00, -0.33858,  0.93701,  0.07874,  1.00,  0.78501,  0.61844,  1.00,  1.00,  1.00,  0.49804, 0, 0, 0, 0, 0, 0, 0, 0,  1.00,  0.00,  0.00,  0.00,  0.00,  0.00,  0.00,  0.00
165, 24922, -13.18831,  24.07612,  49.46444, -0.29921,  0.94488,  0.11024,  1.00, -0.33858,  0.93701,  0.07874,  1.00,  0.7915,  0.61844,  1.00,  1.00,  1.00,  0.49804, 0, 0, 0, 0, 0, 0, 0, 0,  1.00,  0.00,  0.00,  0.00,  0.00,  0.00,  0.00,  0.00
166, 24920, -13.48984,  23.98106,  49.46443, -0.29921,  0.94488,  0.11024,  1.00, -0.33858,  0.93701,  0.07874,  1.00,  0.78501,  0.61844,  1.00,  1.00,  1.00,  0.49804, 0, 0, 0, 0, 0, 0, 0, 0,  1.00,  0.00,  0.00,  0.00,  0.00,  0.00,  0.00,  0.00
167, 24885, -13.19419,  24.09478,  49.2937, -0.29921,  0.94488,  0.11024,  1.00, -0.33858,  0.93701,  0.07874,  1.00,  0.7915,  0.62051,  1.00,  1.00,  1.00,  0.49804, 0, 0, 0, 0, 0, 0, 0, 0,  1.00,  0.00,  0.00,  0.00,  0.00,  0.00,  0.00,  0.00
168, 24923,  12.88678,  24.17119,  49.46443,  0.29921,  0.94488,  0.11024,  1.00,  0.33071,  0.93701,  0.07874, -1.00,  0.78501,  0.61844,  1.00,  1.00,  1.00,  0.49804, 1, 0, 0, 0, 0, 0, 0, 0,  1.00,  0.00,  0.00,  0.00,  0.00,  0.00,  0.00,  0.00
169, 24924,  13.18831,  24.07612,  49.46444,  0.29921,  0.94488,  0.11024,  1.00,  0.33858,  0.93701,  0.07874, -1.00,  0.7915,  0.61844,  1.00,  1.00,  1.00,  0.49804, 1, 0, 0, 0, 0, 0, 0, 0,  1.00,  0.00,  0.00,  0.00,  0.00,  0.00,  0.00,  0.00
170, 24925,  13.15827,  23.98087,  50.33617,  0.29921,  0.94488,  0.11024,  1.00,  0.33071,  0.93701,  0.08661, -1.00,  0.7915,  0.60668,  1.00,  1.00,  1.00,  0.49804, 1, 0, 0, 0, 0, 0, 0, 0,  1.00,  0.00,  0.00,  0.00,  0.00,  0.00,  0.00,  0.00
171, 24924,  13.18831,  24.07612,  49.46444,  0.29921,  0.94488,  0.11024,  1.00,  0.33858,  0.93701,  0.07874, -1.00,  0.7915,  0.61844,  1.00,  1.00,  1.00,  0.49804, 1, 0, 0, 0, 0, 0, 0, 0,  1.00,  0.00,  0.00,  0.00,  0.00,  0.00,  0.00,  0.00
172, 24923,  12.88678,  24.17119,  49.46443,  0.29921,  0.94488,  0.11024,  1.00,  0.33071,  0.93701,  0.07874, -1.00,  0.78501,  0.61844,  1.00,  1.00,  1.00,  0.49804, 1, 0, 0, 0, 0, 0, 0, 0,  1.00,  0.00,  0.00,  0.00,  0.00,  0.00,  0.00,  0.00
173, 24926,  13.19419,  24.09478,  49.2937,  0.29921,  0.94488,  0.11024,  1.00,  0.33858,  0.93701,  0.07874, -1.00,  0.7915,  0.62051,  1.00,  1.00,  1.00,  0.49804, 1, 0, 0, 0, 0, 0, 0, 0,  1.00,  0.00,  0.00,  0.00,  0.00,  0.00,  0.00,  0.00
174, 24927,  12.73111,  24.24078,  49.2937,  0.29921,  0.94488,  0.11024,  1.00,  0.33071,  0.93701,  0.07874, -1.00,  0.7821,  0.62051,  1.00,  1.00,  1.00,  0.49804, 1, 0, 0, 0, 0, 0, 0, 0,  1.00,  0.00,  0.00,  0.00,  0.00,  0.00,  0.00,  0.00
175, 24926,  13.19419,  24.09478,  49.2937,  0.29921,  0.94488,  0.11024,  1.00,  0.33858,  0.93701,  0.07874, -1.00,  0.7915,  0.62051,  1.00,  1.00,  1.00,  0.49804, 1, 0, 0, 0, 0, 0, 0, 0,  1.00,  0.00,  0.00,  0.00,  0.00,  0.00,  0.00,  0.00
176, 24923,  12.88678,  24.17119,  49.46443,  0.29921,  0.94488,  0.11024,  1.00,  0.33071,  0.93701,  0.07874, -1.00,  0.78501,  0.61844,  1.00,  1.00,  1.00,  0.49804, 1, 0, 0, 0, 0, 0, 0, 0,  1.00,  0.00,  0.00,  0.00,  0.00,  0.00,  0.00,  0.00
177, 24927,  12.73111,  24.24078,  49.2937,  0.29921,  0.94488,  0.11024,  1.00,  0.33071,  0.93701,  0.07874, -1.00,  0.7821,  0.62051,  1.00,  1.00,  1.00,  0.49804, 1, 0, 0, 0, 0, 0, 0, 0,  1.00,  0.00,  0.00,  0.00,  0.00,  0.00,  0.00,  0.00
178, 24923,  12.88678,  24.17119,  49.46443,  0.29921,  0.94488,  0.11024,  1.00,  0.33071,  0.93701,  0.07874, -1.00,  0.78501,  0.61844,  1.00,  1.00,  1.00,  0.49804, 1, 0, 0, 0, 0, 0, 0, 0,  1.00,  0.00,  0.00,  0.00,  0.00,  0.00,  0.00,  0.00
179, 24928,  12.71324,  24.13424,  50.22746,  0.29921,  0.94488,  0.11024,  1.00,  0.33071,  0.93701,  0.08661, -1.00,  0.7821,  0.60882,  1.00,  1.00,  1.00,  0.49804, 1, 0, 0, 0, 0, 0, 0, 0,  1.00,  0.00,  0.00,  0.00,  0.00,  0.00,  0.00,  0.00
180, 24929,  12.85605,  24.07508,  50.34512,  0.29921,  0.94488,  0.11024,  1.00,  0.33071,  0.93701,  0.08661, -1.00,  0.78501,  0.60668,  1.00,  1.00,  1.00,  0.49804, 1, 0, 0, 0, 0, 0, 0, 0,  1.00,  0.00,  0.00,  0.00,  0.00,  0.00,  0.00,  0.00
181, 24923,  12.88678,  24.17119,  49.46443,  0.29921,  0.94488,  0.11024,  1.00,  0.33071,  0.93701,  0.07874, -1.00,  0.78501,  0.61844,  1.00,  1.00,  1.00,  0.49804, 1, 0, 0, 0, 0, 0, 0, 0,  1.00,  0.00,  0.00,  0.00,  0.00,  0.00,  0.00,  0.00
182, 24925,  13.15827,  23.98087,  50.33617,  0.29921,  0.94488,  0.11024,  1.00,  0.33071,  0.93701,  0.08661, -1.00,  0.7915,  0.60668,  1.00,  1.00,  1.00,  0.49804, 1, 0, 0, 0, 0, 0, 0, 0,  1.00,  0.00,  0.00,  0.00,  0.00,  0.00,  0.00,  0.00
183, 24929,  12.85605,  24.07508,  50.34512,  0.29921,  0.94488,  0.11024,  1.00,  0.33071,  0.93701,  0.08661, -1.00,  0.78501,  0.60668,  1.00,  1.00,  1.00,  0.49804, 1, 0, 0, 0, 0, 0, 0, 0,  1.00,  0.00,  0.00,  0.00,  0.00,  0.00,  0.00,  0.00
184, 24928,  12.71324,  24.13424,  50.22746,  0.29921,  0.94488,  0.11024,  1.00,  0.33071,  0.93701,  0.08661, -1.00,  0.7821,  0.60882,  1.00,  1.00,  1.00,  0.49804, 1, 0, 0, 0, 0, 0, 0, 0,  1.00,  0.00,  0.00,  0.00,  0.00,  0.00,  0.00,  0.00
185, 24923,  12.88678,  24.17119,  49.46443,  0.29921,  0.94488,  0.11024,  1.00,  0.33071,  0.93701,  0.07874, -1.00,  0.78501,  0.61844,  1.00,  1.00,  1.00,  0.49804, 1, 0, 0, 0, 0, 0, 0, 0,  1.00,  0.00,  0.00,  0.00,  0.00,  0.00,  0.00,  0.00
186, 24925,  13.15827,  23.98087,  50.33617,  0.29921,  0.94488,  0.11024,  1.00,  0.33071,  0.93701,  0.08661, -1.00,  0.7915,  0.60668,  1.00,  1.00,  1.00,  0.49804, 1, 0, 0, 0, 0, 0, 0, 0,  1.00,  0.00,  0.00,  0.00,  0.00,  0.00,  0.00,  0.00
187, 24930,  13.14682,  23.94453,  50.6687,  0.29921,  0.94488,  0.11024,  1.00,  0.33071,  0.93701,  0.08661, -1.00,  0.79151,  0.60255,  1.00,  1.00,  1.00,  0.49804, 1, 0, 0, 0, 0, 0, 0, 0,  1.00,  0.00,  0.00,  0.00,  0.00,  0.00,  0.00,  0.00
188, 24929,  12.85605,  24.07508,  50.34512,  0.29921,  0.94488,  0.11024,  1.00,  0.33071,  0.93701,  0.08661, -1.00,  0.78501,  0.60668,  1.00,  1.00,  1.00,  0.49804, 1, 0, 0, 0, 0, 0, 0, 0,  1.00,  0.00,  0.00,  0.00,  0.00,  0.00,  0.00,  0.00
189, 24929,  12.85605,  24.07508,  50.34512,  0.29921,  0.94488,  0.11024,  1.00,  0.33071,  0.93701,  0.08661, -1.00,  0.78501,  0.60668,  1.00,  1.00,  1.00,  0.49804, 1, 0, 0, 0, 0, 0, 0, 0,  1.00,  0.00,  0.00,  0.00,  0.00,  0.00,  0.00,  0.00
190, 24931,  11.96204,  24.35415,  50.36832,  0.29921,  0.94488,  0.11024,  1.00,  0.32283,  0.94488,  0.08661, -1.00,  0.77161,  0.60657,  1.00,  1.00,  1.00,  0.49804, 1, 0, 0, 0, 0, 0, 0, 0,  1.00,  0.00,  0.00,  0.00,  0.00,  0.00,  0.00,  0.00
191, 24928,  12.71324,  24.13424,  50.22746,  0.29921,  0.94488,  0.11024,  1.00,  0.33071,  0.93701,  0.08661, -1.00,  0.7821,  0.60882,  1.00,  1.00,  1.00,  0.49804, 1, 0, 0, 0, 0, 0, 0, 0,  1.00,  0.00,  0.00,  0.00,  0.00,  0.00,  0.00,  0.00
192, 24932,  11.84581,  24.40577,  50.24364,  0.29921,  0.94488,  0.11024,  1.00,  0.32283,  0.94488,  0.08661, -1.00,  0.769,  0.60882,  1.00,  1.00,  1.00,  0.49804, 1, 0, 0, 0, 0, 0, 0, 0,  1.00,  0.00,  0.00,  0.00,  0.00,  0.00,  0.00,  0.00
193, 24928,  12.71324,  24.13424,  50.22746,  0.29921,  0.94488,  0.11024,  1.00,  0.33071,  0.93701,  0.08661, -1.00,  0.7821,  0.60882,  1.00,  1.00,  1.00,  0.49804, 1, 0, 0, 0, 0, 0, 0, 0,  1.00,  0.00,  0.00,  0.00,  0.00,  0.00,  0.00,  0.00
194, 24931,  11.96204,  24.35415,  50.36832,  0.29921,  0.94488,  0.11024,  1.00,  0.32283,  0.94488,  0.08661, -1.00,  0.77161,  0.60657,  1.00,  1.00,  1.00,  0.49804, 1, 0, 0, 0, 0, 0, 0, 0,  1.00,  0.00,  0.00,  0.00,  0.00,  0.00,  0.00,  0.00
195, 24932,  11.84581,  24.40577,  50.24364,  0.29921,  0.94488,  0.11024,  1.00,  0.32283,  0.94488,  0.08661, -1.00,  0.769,  0.60882,  1.00,  1.00,  1.00,  0.49804, 1, 0, 0, 0, 0, 0, 0, 0,  1.00,  0.00,  0.00,  0.00,  0.00,  0.00,  0.00,  0.00
196, 24931,  11.96204,  24.35415,  50.36832,  0.29921,  0.94488,  0.11024,  1.00,  0.32283,  0.94488,  0.08661, -1.00,  0.77161,  0.60657,  1.00,  1.00,  1.00,  0.49804, 1, 0, 0, 0, 0, 0, 0, 0,  1.00,  0.00,  0.00,  0.00,  0.00,  0.00,  0.00,  0.00
197, 24933,  11.83147,  24.35309,  50.71984,  0.29921,  0.94488,  0.11024,  1.00,  0.32283,  0.94488,  0.08661, -1.00,  0.769,  0.60254,  1.00,  1.00,  1.00,  0.49804, 1, 0, 0, 0, 0, 0, 0, 0,  1.00,  0.00,  0.00,  0.00,  0.00,  0.00,  0.00,  0.00
198, 24934,  12.84722,  24.03749,  50.68117,  0.29921,  0.94488,  0.11024,  1.00,  0.33071,  0.93701,  0.08661, -1.00,  0.78501,  0.60255,  1.00,  1.00,  1.00,  0.49804, 1, 0, 0, 0, 0, 0, 0, 0,  1.00,  0.00,  0.00,  0.00,  0.00,  0.00,  0.00,  0.00
199, 24929,  12.85605,  24.07508,  50.34512,  0.29921,  0.94488,  0.11024,  1.00,  0.33071,  0.93701,  0.08661, -1.00,  0.78501,  0.60668,  1.00,  1.00,  1.00,  0.49804, 1, 0, 0, 0, 0, 0, 0, 0,  1.00,  0.00,  0.00,  0.00,  0.00,  0.00,  0.00,  0.00
200, 24930,  13.14682,  23.94453,  50.6687,  0.29921,  0.94488,  0.11024,  1.00,  0.33071,  0.93701,  0.08661, -1.00,  0.79151,  0.60255,  1.00,  1.00,  1.00,  0.49804, 1, 0, 0, 0, 0, 0, 0, 0,  1.00,  0.00,  0.00,  0.00,  0.00,  0.00,  0.00,  0.00
201, 24931,  11.96204,  24.35415,  50.36832,  0.29921,  0.94488,  0.11024,  1.00,  0.32283,  0.94488,  0.08661, -1.00,  0.77161,  0.60657,  1.00,  1.00,  1.00,  0.49804, 1, 0, 0, 0, 0, 0, 0, 0,  1.00,  0.00,  0.00,  0.00,  0.00,  0.00,  0.00,  0.00
202, 24929,  12.85605,  24.07508,  50.34512,  0.29921,  0.94488,  0.11024,  1.00,  0.33071,  0.93701,  0.08661, -1.00,  0.78501,  0.60668,  1.00,  1.00,  1.00,  0.49804, 1, 0, 0, 0, 0, 0, 0, 0,  1.00,  0.00,  0.00,  0.00,  0.00,  0.00,  0.00,  0.00
203, 24934,  12.84722,  24.03749,  50.68117,  0.29921,  0.94488,  0.11024,  1.00,  0.33071,  0.93701,  0.08661, -1.00,  0.78501,  0.60255,  1.00,  1.00,  1.00,  0.49804, 1, 0, 0, 0, 0, 0, 0, 0,  1.00,  0.00,  0.00,  0.00,  0.00,  0.00,  0.00,  0.00
204, 24935,  11.95396,  24.31563,  50.71019,  0.29921,  0.94488,  0.11024,  1.00,  0.32283,  0.94488,  0.08661, -1.00,  0.77161,  0.60254,  1.00,  1.00,  1.00,  0.49804, 1, 0, 0, 0, 0, 0, 0, 0,  1.00,  0.00,  0.00,  0.00,  0.00,  0.00,  0.00,  0.00
205, 24933,  11.83147,  24.35309,  50.71984,  0.29921,  0.94488,  0.11024,  1.00,  0.32283,  0.94488,  0.08661, -1.00,  0.769,  0.60254,  1.00,  1.00,  1.00,  0.49804, 1, 0, 0, 0, 0, 0, 0, 0,  1.00,  0.00,  0.00,  0.00,  0.00,  0.00,  0.00,  0.00
206, 24931,  11.96204,  24.35415,  50.36832,  0.29921,  0.94488,  0.11024,  1.00,  0.32283,  0.94488,  0.08661, -1.00,  0.77161,  0.60657,  1.00,  1.00,  1.00,  0.49804, 1, 0, 0, 0, 0, 0, 0, 0,  1.00,  0.00,  0.00,  0.00,  0.00,  0.00,  0.00,  0.00
207, 24935,  11.95396,  24.31563,  50.71019,  0.29921,  0.94488,  0.11024,  1.00,  0.32283,  0.94488,  0.08661, -1.00,  0.77161,  0.60254,  1.00,  1.00,  1.00,  0.49804, 1, 0, 0, 0, 0, 0, 0, 0,  1.00,  0.00,  0.00,  0.00,  0.00,  0.00,  0.00,  0.00
208, 24931,  11.96204,  24.35415,  50.36832,  0.29921,  0.94488,  0.11024,  1.00,  0.32283,  0.94488,  0.08661, -1.00,  0.77161,  0.60657,  1.00,  1.00,  1.00,  0.49804, 1, 0, 0, 0, 0, 0, 0, 0,  1.00,  0.00,  0.00,  0.00,  0.00,  0.00,  0.00,  0.00
209, 24934,  12.84722,  24.03749,  50.68117,  0.29921,  0.94488,  0.11024,  1.00,  0.33071,  0.93701,  0.08661, -1.00,  0.78501,  0.60255,  1.00,  1.00,  1.00,  0.49804, 1, 0, 0, 0, 0, 0, 0, 0,  1.00,  0.00,  0.00,  0.00,  0.00,  0.00,  0.00,  0.00
210, 24935,  11.95396,  24.31563,  50.71019,  0.29921,  0.94488,  0.11024,  1.00,  0.32283,  0.94488,  0.08661, -1.00,  0.77161,  0.60254,  1.00,  1.00,  1.00,  0.49804, 1, 0, 0, 0, 0, 0, 0, 0,  1.00,  0.00,  0.00,  0.00,  0.00,  0.00,  0.00,  0.00
211, 24936,  11.9423,  24.28094,  51.02952,  0.29921,  0.94488,  0.11024,  1.00,  0.32283,  0.94488,  0.09449, -1.00,  0.77161,  0.5981,  1.00,  1.00,  1.00,  0.49804, 1, 0, 0, 0, 0, 0, 0, 0,  1.00,  0.00,  0.00,  0.00,  0.00,  0.00,  0.00,  0.00
212, 24933,  11.83147,  24.35309,  50.71984,  0.29921,  0.94488,  0.11024,  1.00,  0.32283,  0.94488,  0.08661, -1.00,  0.769,  0.60254,  1.00,  1.00,  1.00,  0.49804, 1, 0, 0, 0, 0, 0, 0, 0,  1.00,  0.00,  0.00,  0.00,  0.00,  0.00,  0.00,  0.00
213, 24936,  11.9423,  24.28094,  51.02952,  0.29921,  0.94488,  0.11024,  1.00,  0.32283,  0.94488,  0.09449, -1.00,  0.77161,  0.5981,  1.00,  1.00,  1.00,  0.49804, 1, 0, 0, 0, 0, 0, 0, 0,  1.00,  0.00,  0.00,  0.00,  0.00,  0.00,  0.00,  0.00
214, 24935,  11.95396,  24.31563,  50.71019,  0.29921,  0.94488,  0.11024,  1.00,  0.32283,  0.94488,  0.08661, -1.00,  0.77161,  0.60254,  1.00,  1.00,  1.00,  0.49804, 1, 0, 0, 0, 0, 0, 0, 0,  1.00,  0.00,  0.00,  0.00,  0.00,  0.00,  0.00,  0.00
215, 24934,  12.84722,  24.03749,  50.68117,  0.29921,  0.94488,  0.11024,  1.00,  0.33071,  0.93701,  0.08661, -1.00,  0.78501,  0.60255,  1.00,  1.00,  1.00,  0.49804, 1, 0, 0, 0, 0, 0, 0, 0,  1.00,  0.00,  0.00,  0.00,  0.00,  0.00,  0.00,  0.00
216, 24937,  11.81562,  24.30449,  51.16595,  0.29921,  0.94488,  0.11024,  1.00,  0.32283,  0.94488,  0.09449, -1.00,  0.769,  0.59573,  1.00,  1.00,  1.00,  0.49804, 1, 0, 0, 0, 0, 0, 0, 0,  1.00,  0.00,  0.00,  0.00,  0.00,  0.00,  0.00,  0.00
217, 24933,  11.83147,  24.35309,  50.71984,  0.29921,  0.94488,  0.11024,  1.00,  0.32283,  0.94488,  0.08661, -1.00,  0.769,  0.60254,  1.00,  1.00,  1.00,  0.49804, 1, 0, 0, 0, 0, 0, 0, 0,  1.00,  0.00,  0.00,  0.00,  0.00,  0.00,  0.00,  0.00
218, 24936,  11.9423,  24.28094,  51.02952,  0.29921,  0.94488,  0.11024,  1.00,  0.32283,  0.94488,  0.09449, -1.00,  0.77161,  0.5981,  1.00,  1.00,  1.00,  0.49804, 1, 0, 0, 0, 0, 0, 0, 0,  1.00,  0.00,  0.00,  0.00,  0.00,  0.00,  0.00,  0.00
219, 24937,  11.81562,  24.30449,  51.16595,  0.29921,  0.94488,  0.11024,  1.00,  0.32283,  0.94488,  0.09449, -1.00,  0.769,  0.59573,  1.00,  1.00,  1.00,  0.49804, 1, 0, 0, 0, 0, 0, 0, 0,  1.00,  0.00,  0.00,  0.00,  0.00,  0.00,  0.00,  0.00
220, 24936,  11.9423,  24.28094,  51.02952,  0.29921,  0.94488,  0.11024,  1.00,  0.32283,  0.94488,  0.09449, -1.00,  0.77161,  0.5981,  1.00,  1.00,  1.00,  0.49804, 1, 0, 0, 0, 0, 0, 0, 0,  1.00,  0.00,  0.00,  0.00,  0.00,  0.00,  0.00,  0.00
221, 24938,  12.6864,  24.03355,  51.13605,  0.29921,  0.94488,  0.11024,  1.00,  0.33071,  0.93701,  0.09449, -1.00,  0.7821,  0.59573,  1.00,  1.00,  1.00,  0.49804, 1, 0, 0, 0, 0, 0, 0, 0,  1.00,  0.00,  0.00,  0.00,  0.00,  0.00,  0.00,  0.00
222, 24934,  12.84722,  24.03749,  50.68117,  0.29921,  0.94488,  0.11024,  1.00,  0.33071,  0.93701,  0.08661, -1.00,  0.78501,  0.60255,  1.00,  1.00,  1.00,  0.49804, 1, 0, 0, 0, 0, 0, 0, 0,  1.00,  0.00,  0.00,  0.00,  0.00,  0.00,  0.00,  0.00
223, 24930,  13.14682,  23.94453,  50.6687,  0.29921,  0.94488,  0.11024,  1.00,  0.33071,  0.93701,  0.08661, -1.00,  0.79151,  0.60255,  1.00,  1.00,  1.00,  0.49804, 1, 0, 0, 0, 0, 0, 0, 0,  1.00,  0.00,  0.00,  0.00,  0.00,  0.00,  0.00,  0.00
224, 24939,  12.83769,  24.00005,  51.01783,  0.29921,  0.94488,  0.11024,  1.00,  0.33071,  0.93701,  0.09449, -1.00,  0.78501,  0.59799,  1.00,  1.00,  1.00,  0.49804, 1, 0, 0, 0, 0, 0, 0, 0,  1.00,  0.00,  0.00,  0.00,  0.00,  0.00,  0.00,  0.00
225, 24939,  12.83769,  24.00005,  51.01783,  0.29921,  0.94488,  0.11024,  1.00,  0.33071,  0.93701,  0.09449, -1.00,  0.78501,  0.59799,  1.00,  1.00,  1.00,  0.49804, 1, 0, 0, 0, 0, 0, 0, 0,  1.00,  0.00,  0.00,  0.00,  0.00,  0.00,  0.00,  0.00
226, 24936,  11.9423,  24.28094,  51.02952,  0.29921,  0.94488,  0.11024,  1.00,  0.32283,  0.94488,  0.09449, -1.00,  0.77161,  0.5981,  1.00,  1.00,  1.00,  0.49804, 1, 0, 0, 0, 0, 0, 0, 0,  1.00,  0.00,  0.00,  0.00,  0.00,  0.00,  0.00,  0.00
227, 24934,  12.84722,  24.03749,  50.68117,  0.29921,  0.94488,  0.11024,  1.00,  0.33071,  0.93701,  0.08661, -1.00,  0.78501,  0.60255,  1.00,  1.00,  1.00,  0.49804, 1, 0, 0, 0, 0, 0, 0, 0,  1.00,  0.00,  0.00,  0.00,  0.00,  0.00,  0.00,  0.00
228, 24939,  12.83769,  24.00005,  51.01783,  0.29921,  0.94488,  0.11024,  1.00,  0.33071,  0.93701,  0.09449, -1.00,  0.78501,  0.59799,  1.00,  1.00,  1.00,  0.49804, 1, 0, 0, 0, 0, 0, 0, 0,  1.00,  0.00,  0.00,  0.00,  0.00,  0.00,  0.00,  0.00
229, 24938,  12.6864,  24.03355,  51.13605,  0.29921,  0.94488,  0.11024,  1.00,  0.33071,  0.93701,  0.09449, -1.00,  0.7821,  0.59573,  1.00,  1.00,  1.00,  0.49804, 1, 0, 0, 0, 0, 0, 0, 0,  1.00,  0.00,  0.00,  0.00,  0.00,  0.00,  0.00,  0.00
230, 24936,  11.9423,  24.28094,  51.02952,  0.29921,  0.94488,  0.11024,  1.00,  0.32283,  0.94488,  0.09449, -1.00,  0.77161,  0.5981,  1.00,  1.00,  1.00,  0.49804, 1, 0, 0, 0, 0, 0, 0, 0,  1.00,  0.00,  0.00,  0.00,  0.00,  0.00,  0.00,  0.00
231, 24940,  13.13518,  23.90761,  51.00655,  0.29921,  0.94488,  0.11024,  1.00,  0.33071,  0.93701,  0.09449, -1.00,  0.79151,  0.59799,  1.00,  1.00,  1.00,  0.49804, 1, 0, 0, 0, 0, 0, 0, 0,  1.00,  0.00,  0.00,  0.00,  0.00,  0.00,  0.00,  0.00
232, 24939,  12.83769,  24.00005,  51.01783,  0.29921,  0.94488,  0.11024,  1.00,  0.33071,  0.93701,  0.09449, -1.00,  0.78501,  0.59799,  1.00,  1.00,  1.00,  0.49804, 1, 0, 0, 0, 0, 0, 0, 0,  1.00,  0.00,  0.00,  0.00,  0.00,  0.00,  0.00,  0.00
233, 24930,  13.14682,  23.94453,  50.6687,  0.29921,  0.94488,  0.11024,  1.00,  0.33071,  0.93701,  0.08661, -1.00,  0.79151,  0.60255,  1.00,  1.00,  1.00,  0.49804, 1, 0, 0, 0, 0, 0, 0, 0,  1.00,  0.00,  0.00,  0.00,  0.00,  0.00,  0.00,  0.00
234, 24939,  12.83769,  24.00005,  51.01783,  0.29921,  0.94488,  0.11024,  1.00,  0.33071,  0.93701,  0.09449, -1.00,  0.78501,  0.59799,  1.00,  1.00,  1.00,  0.49804, 1, 0, 0, 0, 0, 0, 0, 0,  1.00,  0.00,  0.00,  0.00,  0.00,  0.00,  0.00,  0.00
235, 24941,  12.81117,  23.9003,  51.9178,  0.29921,  0.94488,  0.11024,  1.00,  0.33071,  0.93701,  0.09449, -1.00,  0.78501,  0.5867,  1.00,  1.00,  1.00,  0.49804, 1, 0, 0, 0, 0, 0, 0, 0,  1.00,  0.00,  0.00,  0.00,  0.00,  0.00,  0.00,  0.00
236, 24938,  12.6864,  24.03355,  51.13605,  0.29921,  0.94488,  0.11024,  1.00,  0.33071,  0.93701,  0.09449, -1.00,  0.7821,  0.59573,  1.00,  1.00,  1.00,  0.49804, 1, 0, 0, 0, 0, 0, 0, 0,  1.00,  0.00,  0.00,  0.00,  0.00,  0.00,  0.00,  0.00
237, 24941,  12.81117,  23.9003,  51.9178,  0.29921,  0.94488,  0.11024,  1.00,  0.33071,  0.93701,  0.09449, -1.00,  0.78501,  0.5867,  1.00,  1.00,  1.00,  0.49804, 1, 0, 0, 0, 0, 0, 0, 0,  1.00,  0.00,  0.00,  0.00,  0.00,  0.00,  0.00,  0.00
238, 24939,  12.83769,  24.00005,  51.01783,  0.29921,  0.94488,  0.11024,  1.00,  0.33071,  0.93701,  0.09449, -1.00,  0.78501,  0.59799,  1.00,  1.00,  1.00,  0.49804, 1, 0, 0, 0, 0, 0, 0, 0,  1.00,  0.00,  0.00,  0.00,  0.00,  0.00,  0.00,  0.00
239, 24940,  13.13518,  23.90761,  51.00655,  0.29921,  0.94488,  0.11024,  1.00,  0.33071,  0.93701,  0.09449, -1.00,  0.79151,  0.59799,  1.00,  1.00,  1.00,  0.49804, 1, 0, 0, 0, 0, 0, 0, 0,  1.00,  0.00,  0.00,  0.00,  0.00,  0.00,  0.00,  0.00
240, 24942,  12.65296,  23.92691,  52.1115,  0.29921,  0.94488,  0.11024,  1.00,  0.33071,  0.93701,  0.10236, -1.00,  0.7821,  0.58458,  1.00,  1.00,  1.00,  0.49804, 1, 0, 0, 0, 0, 0, 0, 0,  1.00,  0.00,  0.00,  0.00,  0.00,  0.00,  0.00,  0.00
241, 24938,  12.6864,  24.03355,  51.13605,  0.29921,  0.94488,  0.11024,  1.00,  0.33071,  0.93701,  0.09449, -1.00,  0.7821,  0.59573,  1.00,  1.00,  1.00,  0.49804, 1, 0, 0, 0, 0, 0, 0, 0,  1.00,  0.00,  0.00,  0.00,  0.00,  0.00,  0.00,  0.00
242, 24941,  12.81117,  23.9003,  51.9178,  0.29921,  0.94488,  0.11024,  1.00,  0.33071,  0.93701,  0.09449, -1.00,  0.78501,  0.5867,  1.00,  1.00,  1.00,  0.49804, 1, 0, 0, 0, 0, 0, 0, 0,  1.00,  0.00,  0.00,  0.00,  0.00,  0.00,  0.00,  0.00
243, 24943,  13.10379,  23.80804,  51.9178,  0.29921,  0.94488,  0.11024,  1.00,  0.33071,  0.93701,  0.09449, -1.00,  0.7915,  0.5867,  1.00,  1.00,  1.00,  0.49804, 1, 0, 0, 0, 0, 0, 0, 0,  1.00,  0.00,  0.00,  0.00,  0.00,  0.00,  0.00,  0.00
244, 24941,  12.81117,  23.9003,  51.9178,  0.29921,  0.94488,  0.11024,  1.00,  0.33071,  0.93701,  0.09449, -1.00,  0.78501,  0.5867,  1.00,  1.00,  1.00,  0.49804, 1, 0, 0, 0, 0, 0, 0, 0,  1.00,  0.00,  0.00,  0.00,  0.00,  0.00,  0.00,  0.00
245, 24940,  13.13518,  23.90761,  51.00655,  0.29921,  0.94488,  0.11024,  1.00,  0.33071,  0.93701,  0.09449, -1.00,  0.79151,  0.59799,  1.00,  1.00,  1.00,  0.49804, 1, 0, 0, 0, 0, 0, 0, 0,  1.00,  0.00,  0.00,  0.00,  0.00,  0.00,  0.00,  0.00
246, 24942,  12.65296,  23.92691,  52.1115,  0.29921,  0.94488,  0.11024,  1.00,  0.33071,  0.93701,  0.10236, -1.00,  0.7821,  0.58458,  1.00,  1.00,  1.00,  0.49804, 1, 0, 0, 0, 0, 0, 0, 0,  1.00,  0.00,  0.00,  0.00,  0.00,  0.00,  0.00,  0.00
247, 24941,  12.81117,  23.9003,  51.9178,  0.29921,  0.94488,  0.11024,  1.00,  0.33071,  0.93701,  0.09449, -1.00,  0.78501,  0.5867,  1.00,  1.00,  1.00,  0.49804, 1, 0, 0, 0, 0, 0, 0, 0,  1.00,  0.00,  0.00,  0.00,  0.00,  0.00,  0.00,  0.00
248, 24944,  13.09711,  23.78688,  52.1115,  0.29921,  0.94488,  0.11024,  1.00,  0.33071,  0.93701,  0.10236, -1.00,  0.7915,  0.58458,  1.00,  1.00,  1.00,  0.49804, 1, 0, 0, 0, 0, 0, 0, 0,  1.00,  0.00,  0.00,  0.00,  0.00,  0.00,  0.00,  0.00
249, 24943,  13.10379,  23.80804,  51.9178,  0.29921,  0.94488,  0.11024,  1.00,  0.33071,  0.93701,  0.09449, -1.00,  0.7915,  0.5867,  1.00,  1.00,  1.00,  0.49804, 1, 0, 0, 0, 0, 0, 0, 0,  1.00,  0.00,  0.00,  0.00,  0.00,  0.00,  0.00,  0.00
250, 24944,  13.09711,  23.78688,  52.1115,  0.29921,  0.94488,  0.11024,  1.00,  0.33071,  0.93701,  0.10236, -1.00,  0.7915,  0.58458,  1.00,  1.00,  1.00,  0.49804, 1, 0, 0, 0, 0, 0, 0, 0,  1.00,  0.00,  0.00,  0.00,  0.00,  0.00,  0.00,  0.00
251, 24941,  12.81117,  23.9003,  51.9178,  0.29921,  0.94488,  0.11024,  1.00,  0.33071,  0.93701,  0.09449, -1.00,  0.78501,  0.5867,  1.00,  1.00,  1.00,  0.49804, 1, 0, 0, 0, 0, 0, 0, 0,  1.00,  0.00,  0.00,  0.00,  0.00,  0.00,  0.00,  0.00
252, 24943,  13.10379,  23.80804,  51.9178,  0.29921,  0.94488,  0.11024,  1.00,  0.33071,  0.93701,  0.09449, -1.00,  0.7915,  0.5867,  1.00,  1.00,  1.00,  0.49804, 1, 0, 0, 0, 0, 0, 0, 0,  1.00,  0.00,  0.00,  0.00,  0.00,  0.00,  0.00,  0.00
253, 24945,  13.3964,  23.71579,  51.9178,  0.29921,  0.94488,  0.11024,  1.00,  0.33858,  0.93701,  0.09449, -1.00,  0.78501,  0.5867,  1.00,  1.00,  1.00,  0.49804, 1, 0, 0, 0, 0, 0, 0, 0,  1.00,  0.00,  0.00,  0.00,  0.00,  0.00,  0.00,  0.00
254, 24944,  13.09711,  23.78688,  52.1115,  0.29921,  0.94488,  0.11024,  1.00,  0.33071,  0.93701,  0.10236, -1.00,  0.7915,  0.58458,  1.00,  1.00,  1.00,  0.49804, 1, 0, 0, 0, 0, 0, 0, 0,  1.00,  0.00,  0.00,  0.00,  0.00,  0.00,  0.00,  0.00
255, 24944,  13.09711,  23.78688,  52.1115,  0.29921,  0.94488,  0.11024,  1.00,  0.33071,  0.93701,  0.10236, -1.00,  0.7915,  0.58458,  1.00,  1.00,  1.00,  0.49804, 1, 0, 0, 0, 0, 0, 0, 0,  1.00,  0.00,  0.00,  0.00,  0.00,  0.00,  0.00,  0.00
256, 24945,  13.3964,  23.71579,  51.9178,  0.29921,  0.94488,  0.11024,  1.00,  0.33858,  0.93701,  0.09449, -1.00,  0.78501,  0.5867,  1.00,  1.00,  1.00,  0.49804, 1, 0, 0, 0, 0, 0, 0, 0,  1.00,  0.00,  0.00,  0.00,  0.00,  0.00,  0.00,  0.00
257, 24946,  13.54127,  23.64684,  52.1115,  0.29921,  0.94488,  0.11024,  1.00,  0.33858,  0.93701,  0.10236, -1.00,  0.7821,  0.58458,  1.00,  1.00,  1.00,  0.49804, 1, 0, 0, 0, 0, 0, 0, 0,  1.00,  0.00,  0.00,  0.00,  0.00,  0.00,  0.00,  0.00
258, 24947,  13.13518,  23.90761,  51.00655,  0.29921,  0.94488,  0.11024,  1.00,  0.33071,  0.93701,  0.09449, -1.00,  0.79151,  0.59799,  1.00,  1.00,  1.00,  0.49804, 1, 0, 0, 0, 0, 0, 0, 0,  1.00,  0.00,  0.00,  0.00,  0.00,  0.00,  0.00,  0.00
259, 24945,  13.3964,  23.71579,  51.9178,  0.29921,  0.94488,  0.11024,  1.00,  0.33858,  0.93701,  0.09449, -1.00,  0.78501,  0.5867,  1.00,  1.00,  1.00,  0.49804, 1, 0, 0, 0, 0, 0, 0, 0,  1.00,  0.00,  0.00,  0.00,  0.00,  0.00,  0.00,  0.00
260, 24943,  13.10379,  23.80804,  51.9178,  0.29921,  0.94488,  0.11024,  1.00,  0.33071,  0.93701,  0.09449, -1.00,  0.7915,  0.5867,  1.00,  1.00,  1.00,  0.49804, 1, 0, 0, 0, 0, 0, 0, 0,  1.00,  0.00,  0.00,  0.00,  0.00,  0.00,  0.00,  0.00
261, 24946,  13.54127,  23.64684,  52.1115,  0.29921,  0.94488,  0.11024,  1.00,  0.33858,  0.93701,  0.10236, -1.00,  0.7821,  0.58458,  1.00,  1.00,  1.00,  0.49804, 1, 0, 0, 0, 0, 0, 0, 0,  1.00,  0.00,  0.00,  0.00,  0.00,  0.00,  0.00,  0.00
262, 24945,  13.3964,  23.71579,  51.9178,  0.29921,  0.94488,  0.11024,  1.00,  0.33858,  0.93701,  0.09449, -1.00,  0.78501,  0.5867,  1.00,  1.00,  1.00,  0.49804, 1, 0, 0, 0, 0, 0, 0, 0,  1.00,  0.00,  0.00,  0.00,  0.00,  0.00,  0.00,  0.00
263, 24948,  13.57504,  23.75338,  51.13605,  0.29921,  0.94488,  0.11024,  1.00,  0.33858,  0.93701,  0.09449, -1.00,  0.7821,  0.59573,  1.00,  1.00,  1.00,  0.49804, 1, 0, 0, 0, 0, 0, 0, 0,  1.00,  0.00,  0.00,  0.00,  0.00,  0.00,  0.00,  0.00
264, 24947,  13.13518,  23.90761,  51.00655,  0.29921,  0.94488,  0.11024,  1.00,  0.33071,  0.93701,  0.09449, -1.00,  0.79151,  0.59799,  1.00,  1.00,  1.00,  0.49804, 1, 0, 0, 0, 0, 0, 0, 0,  1.00,  0.00,  0.00,  0.00,  0.00,  0.00,  0.00,  0.00
265, 24949,  13.43189,  23.81271,  51.01783,  0.29921,  0.94488,  0.11024,  1.00,  0.33858,  0.93701,  0.09449, -1.00,  0.78501,  0.59799,  1.00,  1.00,  1.00,  0.49804, 1, 0, 0, 0, 0, 0, 0, 0,  1.00,  0.00,  0.00,  0.00,  0.00,  0.00,  0.00,  0.00
266, 24945,  13.3964,  23.71579,  51.9178,  0.29921,  0.94488,  0.11024,  1.00,  0.33858,  0.93701,  0.09449, -1.00,  0.78501,  0.5867,  1.00,  1.00,  1.00,  0.49804, 1, 0, 0, 0, 0, 0, 0, 0,  1.00,  0.00,  0.00,  0.00,  0.00,  0.00,  0.00,  0.00
267, 24948,  13.57504,  23.75338,  51.13605,  0.29921,  0.94488,  0.11024,  1.00,  0.33858,  0.93701,  0.09449, -1.00,  0.7821,  0.59573,  1.00,  1.00,  1.00,  0.49804, 1, 0, 0, 0, 0, 0, 0, 0,  1.00,  0.00,  0.00,  0.00,  0.00,  0.00,  0.00,  0.00
268, 24945,  13.3964,  23.71579,  51.9178,  0.29921,  0.94488,  0.11024,  1.00,  0.33858,  0.93701,  0.09449, -1.00,  0.78501,  0.5867,  1.00,  1.00,  1.00,  0.49804, 1, 0, 0, 0, 0, 0, 0, 0,  1.00,  0.00,  0.00,  0.00,  0.00,  0.00,  0.00,  0.00
269, 24949,  13.43189,  23.81271,  51.01783,  0.29921,  0.94488,  0.11024,  1.00,  0.33858,  0.93701,  0.09449, -1.00,  0.78501,  0.59799,  1.00,  1.00,  1.00,  0.49804, 1, 0, 0, 0, 0, 0, 0, 0,  1.00,  0.00,  0.00,  0.00,  0.00,  0.00,  0.00,  0.00
270, 24950,  13.14682,  23.94453,  50.6687,  0.29921,  0.94488,  0.11024,  1.00,  0.33071,  0.93701,  0.08661, -1.00,  0.79151,  0.60255,  1.00,  1.00,  1.00,  0.49804, 1, 0, 0, 0, 0, 0, 0, 0,  1.00,  0.00,  0.00,  0.00,  0.00,  0.00,  0.00,  0.00
271, 24949,  13.43189,  23.81271,  51.01783,  0.29921,  0.94488,  0.11024,  1.00,  0.33858,  0.93701,  0.09449, -1.00,  0.78501,  0.59799,  1.00,  1.00,  1.00,  0.49804, 1, 0, 0, 0, 0, 0, 0, 0,  1.00,  0.00,  0.00,  0.00,  0.00,  0.00,  0.00,  0.00
272, 24947,  13.13518,  23.90761,  51.00655,  0.29921,  0.94488,  0.11024,  1.00,  0.33071,  0.93701,  0.09449, -1.00,  0.79151,  0.59799,  1.00,  1.00,  1.00,  0.49804, 1, 0, 0, 0, 0, 0, 0, 0,  1.00,  0.00,  0.00,  0.00,  0.00,  0.00,  0.00,  0.00
273, 24949,  13.43189,  23.81271,  51.01783,  0.29921,  0.94488,  0.11024,  1.00,  0.33858,  0.93701,  0.09449, -1.00,  0.78501,  0.59799,  1.00,  1.00,  1.00,  0.49804, 1, 0, 0, 0, 0, 0, 0, 0,  1.00,  0.00,  0.00,  0.00,  0.00,  0.00,  0.00,  0.00
274, 24951,  14.32648,  23.52927,  51.02952,  0.29921,  0.94488,  0.11024,  1.00,  0.34646,  0.93701,  0.09449, -1.00,  0.77161,  0.5981,  1.00,  1.00,  1.00,  0.49804, 1, 0, 0, 0, 0, 0, 0, 0,  1.00,  0.00,  0.00,  0.00,  0.00,  0.00,  0.00,  0.00
275, 24948,  13.57504,  23.75338,  51.13605,  0.29921,  0.94488,  0.11024,  1.00,  0.33858,  0.93701,  0.09449, -1.00,  0.7821,  0.59573,  1.00,  1.00,  1.00,  0.49804, 1, 0, 0, 0, 0, 0, 0, 0,  1.00,  0.00,  0.00,  0.00,  0.00,  0.00,  0.00,  0.00
276, 24948,  13.57504,  23.75338,  51.13605,  0.29921,  0.94488,  0.11024,  1.00,  0.33858,  0.93701,  0.09449, -1.00,  0.7821,  0.59573,  1.00,  1.00,  1.00,  0.49804, 1, 0, 0, 0, 0, 0, 0, 0,  1.00,  0.00,  0.00,  0.00,  0.00,  0.00,  0.00,  0.00
277, 24951,  14.32648,  23.52927,  51.02952,  0.29921,  0.94488,  0.11024,  1.00,  0.34646,  0.93701,  0.09449, -1.00,  0.77161,  0.5981,  1.00,  1.00,  1.00,  0.49804, 1, 0, 0, 0, 0, 0, 0, 0,  1.00,  0.00,  0.00,  0.00,  0.00,  0.00,  0.00,  0.00
278, 24952,  14.44376,  23.4759,  51.16595,  0.29921,  0.94488,  0.11024,  1.00,  0.34646,  0.93701,  0.09449, -1.00,  0.769,  0.59573,  1.00,  1.00,  1.00,  0.49804, 1, 0, 0, 0, 0, 0, 0, 0,  1.00,  0.00,  0.00,  0.00,  0.00,  0.00,  0.00,  0.00
279, 24952,  14.44376,  23.4759,  51.16595,  0.29921,  0.94488,  0.11024,  1.00,  0.34646,  0.93701,  0.09449, -1.00,  0.769,  0.59573,  1.00,  1.00,  1.00,  0.49804, 1, 0, 0, 0, 0, 0, 0, 0,  1.00,  0.00,  0.00,  0.00,  0.00,  0.00,  0.00,  0.00
280, 24951,  14.32648,  23.52927,  51.02952,  0.29921,  0.94488,  0.11024,  1.00,  0.34646,  0.93701,  0.09449, -1.00,  0.77161,  0.5981,  1.00,  1.00,  1.00,  0.49804, 1, 0, 0, 0, 0, 0, 0, 0,  1.00,  0.00,  0.00,  0.00,  0.00,  0.00,  0.00,  0.00
281, 24953,  14.45865,  23.5248,  50.71984,  0.29921,  0.94488,  0.11024,  1.00,  0.34646,  0.93701,  0.08661, -1.00,  0.769,  0.60254,  1.00,  1.00,  1.00,  0.49804, 1, 0, 0, 0, 0, 0, 0, 0,  1.00,  0.00,  0.00,  0.00,  0.00,  0.00,  0.00,  0.00
282, 24954,  13.44555,  23.84885,  50.68117,  0.29921,  0.94488,  0.11024,  1.00,  0.33858,  0.93701,  0.08661, -1.00,  0.78501,  0.60255,  1.00,  1.00,  1.00,  0.49804, 1, 0, 0, 0, 0, 0, 0, 0,  1.00,  0.00,  0.00,  0.00,  0.00,  0.00,  0.00,  0.00
283, 24949,  13.43189,  23.81271,  51.01783,  0.29921,  0.94488,  0.11024,  1.00,  0.33858,  0.93701,  0.09449, -1.00,  0.78501,  0.59799,  1.00,  1.00,  1.00,  0.49804, 1, 0, 0, 0, 0, 0, 0, 0,  1.00,  0.00,  0.00,  0.00,  0.00,  0.00,  0.00,  0.00
284, 24950,  13.14682,  23.94453,  50.6687,  0.29921,  0.94488,  0.11024,  1.00,  0.33071,  0.93701,  0.08661, -1.00,  0.79151,  0.60255,  1.00,  1.00,  1.00,  0.49804, 1, 0, 0, 0, 0, 0, 0, 0,  1.00,  0.00,  0.00,  0.00,  0.00,  0.00,  0.00,  0.00
285, 24954,  13.44555,  23.84885,  50.68117,  0.29921,  0.94488,  0.11024,  1.00,  0.33858,  0.93701,  0.08661, -1.00,  0.78501,  0.60255,  1.00,  1.00,  1.00,  0.49804, 1, 0, 0, 0, 0, 0, 0, 0,  1.00,  0.00,  0.00,  0.00,  0.00,  0.00,  0.00,  0.00
286, 24951,  14.32648,  23.52927,  51.02952,  0.29921,  0.94488,  0.11024,  1.00,  0.34646,  0.93701,  0.09449, -1.00,  0.77161,  0.5981,  1.00,  1.00,  1.00,  0.49804, 1, 0, 0, 0, 0, 0, 0, 0,  1.00,  0.00,  0.00,  0.00,  0.00,  0.00,  0.00,  0.00
287, 24949,  13.43189,  23.81271,  51.01783,  0.29921,  0.94488,  0.11024,  1.00,  0.33858,  0.93701,  0.09449, -1.00,  0.78501,  0.59799,  1.00,  1.00,  1.00,  0.49804, 1, 0, 0, 0, 0, 0, 0, 0,  1.00,  0.00,  0.00,  0.00,  0.00,  0.00,  0.00,  0.00
288, 24953,  14.45865,  23.5248,  50.71984,  0.29921,  0.94488,  0.11024,  1.00,  0.34646,  0.93701,  0.08661, -1.00,  0.769,  0.60254,  1.00,  1.00,  1.00,  0.49804, 1, 0, 0, 0, 0, 0, 0, 0,  1.00,  0.00,  0.00,  0.00,  0.00,  0.00,  0.00,  0.00
289, 24951,  14.32648,  23.52927,  51.02952,  0.29921,  0.94488,  0.11024,  1.00,  0.34646,  0.93701,  0.09449, -1.00,  0.77161,  0.5981,  1.00,  1.00,  1.00,  0.49804, 1, 0, 0, 0, 0, 0, 0, 0,  1.00,  0.00,  0.00,  0.00,  0.00,  0.00,  0.00,  0.00
290, 24955,  14.33682,  23.56437,  50.71019,  0.29921,  0.94488,  0.11024,  1.00,  0.34646,  0.93701,  0.08661, -1.00,  0.77161,  0.60254,  1.00,  1.00,  1.00,  0.49804, 1, 0, 0, 0, 0, 0, 0, 0,  1.00,  0.00,  0.00,  0.00,  0.00,  0.00,  0.00,  0.00
291, 24954,  13.44555,  23.84885,  50.68117,  0.29921,  0.94488,  0.11024,  1.00,  0.33858,  0.93701,  0.08661, -1.00,  0.78501,  0.60255,  1.00,  1.00,  1.00,  0.49804, 1, 0, 0, 0, 0, 0, 0, 0,  1.00,  0.00,  0.00,  0.00,  0.00,  0.00,  0.00,  0.00
292, 24955,  14.33682,  23.56437,  50.71019,  0.29921,  0.94488,  0.11024,  1.00,  0.34646,  0.93701,  0.08661, -1.00,  0.77161,  0.60254,  1.00,  1.00,  1.00,  0.49804, 1, 0, 0, 0, 0, 0, 0, 0,  1.00,  0.00,  0.00,  0.00,  0.00,  0.00,  0.00,  0.00
293, 24951,  14.32648,  23.52927,  51.02952,  0.29921,  0.94488,  0.11024,  1.00,  0.34646,  0.93701,  0.09449, -1.00,  0.77161,  0.5981,  1.00,  1.00,  1.00,  0.49804, 1, 0, 0, 0, 0, 0, 0, 0,  1.00,  0.00,  0.00,  0.00,  0.00,  0.00,  0.00,  0.00
294, 24955,  14.33682,  23.56437,  50.71019,  0.29921,  0.94488,  0.11024,  1.00,  0.34646,  0.93701,  0.08661, -1.00,  0.77161,  0.60254,  1.00,  1.00,  1.00,  0.49804, 1, 0, 0, 0, 0, 0, 0, 0,  1.00,  0.00,  0.00,  0.00,  0.00,  0.00,  0.00,  0.00
295, 24956,  14.3523,  23.60056,  50.36832,  0.29921,  0.94488,  0.11024,  1.00,  0.34646,  0.93701,  0.08661, -1.00,  0.77161,  0.60657,  1.00,  1.00,  1.00,  0.49804, 1, 0, 0, 0, 0, 0, 0, 0,  1.00,  0.00,  0.00,  0.00,  0.00,  0.00,  0.00,  0.00
296, 24953,  14.45865,  23.5248,  50.71984,  0.29921,  0.94488,  0.11024,  1.00,  0.34646,  0.93701,  0.08661, -1.00,  0.769,  0.60254,  1.00,  1.00,  1.00,  0.49804, 1, 0, 0, 0, 0, 0, 0, 0,  1.00,  0.00,  0.00,  0.00,  0.00,  0.00,  0.00,  0.00
297, 24954,  13.44555,  23.84885,  50.68117,  0.29921,  0.94488,  0.11024,  1.00,  0.33858,  0.93701,  0.08661, -1.00,  0.78501,  0.60255,  1.00,  1.00,  1.00,  0.49804, 1, 0, 0, 0, 0, 0, 0, 0,  1.00,  0.00,  0.00,  0.00,  0.00,  0.00,  0.00,  0.00
298, 24956,  14.3523,  23.60056,  50.36832,  0.29921,  0.94488,  0.11024,  1.00,  0.34646,  0.93701,  0.08661, -1.00,  0.77161,  0.60657,  1.00,  1.00,  1.00,  0.49804, 1, 0, 0, 0, 0, 0, 0, 0,  1.00,  0.00,  0.00,  0.00,  0.00,  0.00,  0.00,  0.00
299, 24955,  14.33682,  23.56437,  50.71019,  0.29921,  0.94488,  0.11024,  1.00,  0.34646,  0.93701,  0.08661, -1.00,  0.77161,  0.60254,  1.00,  1.00,  1.00,  0.49804, 1, 0, 0, 0, 0, 0, 0, 0,  1.00,  0.00,  0.00,  0.00,  0.00,  0.00,  0.00,  0.00
300, 24953,  14.45865,  23.5248,  50.71984,  0.29921,  0.94488,  0.11024,  1.00,  0.34646,  0.93701,  0.08661, -1.00,  0.769,  0.60254,  1.00,  1.00,  1.00,  0.49804, 1, 0, 0, 0, 0, 0, 0, 0,  1.00,  0.00,  0.00,  0.00,  0.00,  0.00,  0.00,  0.00
301, 24956,  14.3523,  23.60056,  50.36832,  0.29921,  0.94488,  0.11024,  1.00,  0.34646,  0.93701,  0.08661, -1.00,  0.77161,  0.60657,  1.00,  1.00,  1.00,  0.49804, 1, 0, 0, 0, 0, 0, 0, 0,  1.00,  0.00,  0.00,  0.00,  0.00,  0.00,  0.00,  0.00
302, 24957,  14.47712,  23.57618,  50.24364,  0.29921,  0.94488,  0.11024,  1.00,  0.34646,  0.93701,  0.08661, -1.00,  0.769,  0.60882,  1.00,  1.00,  1.00,  0.49804, 1, 0, 0, 0, 0, 0, 0, 0,  1.00,  0.00,  0.00,  0.00,  0.00,  0.00,  0.00,  0.00
303, 24957,  14.47712,  23.57618,  50.24364,  0.29921,  0.94488,  0.11024,  1.00,  0.34646,  0.93701,  0.08661, -1.00,  0.769,  0.60882,  1.00,  1.00,  1.00,  0.49804, 1, 0, 0, 0, 0, 0, 0, 0,  1.00,  0.00,  0.00,  0.00,  0.00,  0.00,  0.00,  0.00
304, 24956,  14.3523,  23.60056,  50.36832,  0.29921,  0.94488,  0.11024,  1.00,  0.34646,  0.93701,  0.08661, -1.00,  0.77161,  0.60657,  1.00,  1.00,  1.00,  0.49804, 1, 0, 0, 0, 0, 0, 0, 0,  1.00,  0.00,  0.00,  0.00,  0.00,  0.00,  0.00,  0.00
305, 24958,  13.6108,  23.85126,  50.22746,  0.29921,  0.94488,  0.11024,  1.00,  0.33858,  0.93701,  0.08661, -1.00,  0.7821,  0.60882,  1.00,  1.00,  1.00,  0.49804, 1, 0, 0, 0, 0, 0, 0, 0,  1.00,  0.00,  0.00,  0.00,  0.00,  0.00,  0.00,  0.00
306, 24950,  13.14682,  23.94453,  50.6687,  0.29921,  0.94488,  0.11024,  1.00,  0.33071,  0.93701,  0.08661, -1.00,  0.79151,  0.60255,  1.00,  1.00,  1.00,  0.49804, 1, 0, 0, 0, 0, 0, 0, 0,  1.00,  0.00,  0.00,  0.00,  0.00,  0.00,  0.00,  0.00
307, 24959,  13.45988,  23.8847,  50.34512,  0.29921,  0.94488,  0.11024,  1.00,  0.33858,  0.93701,  0.08661, -1.00,  0.78501,  0.60668,  1.00,  1.00,  1.00,  0.49804, 1, 0, 0, 0, 0, 0, 0, 0,  1.00,  0.00,  0.00,  0.00,  0.00,  0.00,  0.00,  0.00
308, 24954,  13.44555,  23.84885,  50.68117,  0.29921,  0.94488,  0.11024,  1.00,  0.33858,  0.93701,  0.08661, -1.00,  0.78501,  0.60255,  1.00,  1.00,  1.00,  0.49804, 1, 0, 0, 0, 0, 0, 0, 0,  1.00,  0.00,  0.00,  0.00,  0.00,  0.00,  0.00,  0.00
309, 24954,  13.44555,  23.84885,  50.68117,  0.29921,  0.94488,  0.11024,  1.00,  0.33858,  0.93701,  0.08661, -1.00,  0.78501,  0.60255,  1.00,  1.00,  1.00,  0.49804, 1, 0, 0, 0, 0, 0, 0, 0,  1.00,  0.00,  0.00,  0.00,  0.00,  0.00,  0.00,  0.00
310, 24959,  13.45988,  23.8847,  50.34512,  0.29921,  0.94488,  0.11024,  1.00,  0.33858,  0.93701,  0.08661, -1.00,  0.78501,  0.60668,  1.00,  1.00,  1.00,  0.49804, 1, 0, 0, 0, 0, 0, 0, 0,  1.00,  0.00,  0.00,  0.00,  0.00,  0.00,  0.00,  0.00
311, 24956,  14.3523,  23.60056,  50.36832,  0.29921,  0.94488,  0.11024,  1.00,  0.34646,  0.93701,  0.08661, -1.00,  0.77161,  0.60657,  1.00,  1.00,  1.00,  0.49804, 1, 0, 0, 0, 0, 0, 0, 0,  1.00,  0.00,  0.00,  0.00,  0.00,  0.00,  0.00,  0.00
312, 24958,  13.6108,  23.85126,  50.22746,  0.29921,  0.94488,  0.11024,  1.00,  0.33858,  0.93701,  0.08661, -1.00,  0.7821,  0.60882,  1.00,  1.00,  1.00,  0.49804, 1, 0, 0, 0, 0, 0, 0, 0,  1.00,  0.00,  0.00,  0.00,  0.00,  0.00,  0.00,  0.00
313, 24956,  14.3523,  23.60056,  50.36832,  0.29921,  0.94488,  0.11024,  1.00,  0.34646,  0.93701,  0.08661, -1.00,  0.77161,  0.60657,  1.00,  1.00,  1.00,  0.49804, 1, 0, 0, 0, 0, 0, 0, 0,  1.00,  0.00,  0.00,  0.00,  0.00,  0.00,  0.00,  0.00
314, 24959,  13.45988,  23.8847,  50.34512,  0.29921,  0.94488,  0.11024,  1.00,  0.33858,  0.93701,  0.08661, -1.00,  0.78501,  0.60668,  1.00,  1.00,  1.00,  0.49804, 1, 0, 0, 0, 0, 0, 0, 0,  1.00,  0.00,  0.00,  0.00,  0.00,  0.00,  0.00,  0.00
315, 24960,  13.15827,  23.98087,  50.33617,  0.29921,  0.94488,  0.11024,  1.00,  0.33071,  0.93701,  0.08661, -1.00,  0.7915,  0.60668,  1.00,  1.00,  1.00,  0.49804, 1, 0, 0, 0, 0, 0, 0, 0,  1.00,  0.00,  0.00,  0.00,  0.00,  0.00,  0.00,  0.00
316, 24959,  13.45988,  23.8847,  50.34512,  0.29921,  0.94488,  0.11024,  1.00,  0.33858,  0.93701,  0.08661, -1.00,  0.78501,  0.60668,  1.00,  1.00,  1.00,  0.49804, 1, 0, 0, 0, 0, 0, 0, 0,  1.00,  0.00,  0.00,  0.00,  0.00,  0.00,  0.00,  0.00
317, 24950,  13.14682,  23.94453,  50.6687,  0.29921,  0.94488,  0.11024,  1.00,  0.33071,  0.93701,  0.08661, -1.00,  0.79151,  0.60255,  1.00,  1.00,  1.00,  0.49804, 1, 0, 0, 0, 0, 0, 0, 0,  1.00,  0.00,  0.00,  0.00,  0.00,  0.00,  0.00,  0.00
318, 24959,  13.45988,  23.8847,  50.34512,  0.29921,  0.94488,  0.11024,  1.00,  0.33858,  0.93701,  0.08661, -1.00,  0.78501,  0.60668,  1.00,  1.00,  1.00,  0.49804, 1, 0, 0, 0, 0, 0, 0, 0,  1.00,  0.00,  0.00,  0.00,  0.00,  0.00,  0.00,  0.00
319, 24961,  13.48984,  23.98106,  49.46443,  0.29921,  0.94488,  0.11024,  1.00,  0.33858,  0.93701,  0.07874, -1.00,  0.78501,  0.61844,  1.00,  1.00,  1.00,  0.49804, 1, 0, 0, 0, 0, 0, 0, 0,  1.00,  0.00,  0.00,  0.00,  0.00,  0.00,  0.00,  0.00
320, 24958,  13.6108,  23.85126,  50.22746,  0.29921,  0.94488,  0.11024,  1.00,  0.33858,  0.93701,  0.08661, -1.00,  0.7821,  0.60882,  1.00,  1.00,  1.00,  0.49804, 1, 0, 0, 0, 0, 0, 0, 0,  1.00,  0.00,  0.00,  0.00,  0.00,  0.00,  0.00,  0.00
321, 24960,  13.15827,  23.98087,  50.33617,  0.29921,  0.94488,  0.11024,  1.00,  0.33071,  0.93701,  0.08661, -1.00,  0.7915,  0.60668,  1.00,  1.00,  1.00,  0.49804, 1, 0, 0, 0, 0, 0, 0, 0,  1.00,  0.00,  0.00,  0.00,  0.00,  0.00,  0.00,  0.00
322, 24961,  13.48984,  23.98106,  49.46443,  0.29921,  0.94488,  0.11024,  1.00,  0.33858,  0.93701,  0.07874, -1.00,  0.78501,  0.61844,  1.00,  1.00,  1.00,  0.49804, 1, 0, 0, 0, 0, 0, 0, 0,  1.00,  0.00,  0.00,  0.00,  0.00,  0.00,  0.00,  0.00
323, 24959,  13.45988,  23.8847,  50.34512,  0.29921,  0.94488,  0.11024,  1.00,  0.33858,  0.93701,  0.08661, -1.00,  0.78501,  0.60668,  1.00,  1.00,  1.00,  0.49804, 1, 0, 0, 0, 0, 0, 0, 0,  1.00,  0.00,  0.00,  0.00,  0.00,  0.00,  0.00,  0.00
324, 24958,  13.6108,  23.85126,  50.22746,  0.29921,  0.94488,  0.11024,  1.00,  0.33858,  0.93701,  0.08661, -1.00,  0.7821,  0.60882,  1.00,  1.00,  1.00,  0.49804, 1, 0, 0, 0, 0, 0, 0, 0,  1.00,  0.00,  0.00,  0.00,  0.00,  0.00,  0.00,  0.00
325, 24961,  13.48984,  23.98106,  49.46443,  0.29921,  0.94488,  0.11024,  1.00,  0.33858,  0.93701,  0.07874, -1.00,  0.78501,  0.61844,  1.00,  1.00,  1.00,  0.49804, 1, 0, 0, 0, 0, 0, 0, 0,  1.00,  0.00,  0.00,  0.00,  0.00,  0.00,  0.00,  0.00
326, 24962,  13.65727,  23.94878,  49.2937,  0.29921,  0.94488,  0.11024,  1.00,  0.33858,  0.93701,  0.07874, -1.00,  0.7821,  0.62051,  1.00,  1.00,  1.00,  0.49804, 1, 0, 0, 0, 0, 0, 0, 0,  1.00,  0.00,  0.00,  0.00,  0.00,  0.00,  0.00,  0.00
327, 24960,  13.15827,  23.98087,  50.33617,  0.29921,  0.94488,  0.11024,  1.00,  0.33071,  0.93701,  0.08661, -1.00,  0.7915,  0.60668,  1.00,  1.00,  1.00,  0.49804, 1, 0, 0, 0, 0, 0, 0, 0,  1.00,  0.00,  0.00,  0.00,  0.00,  0.00,  0.00,  0.00
328, 24963,  13.18831,  24.07612,  49.46444,  0.29921,  0.94488,  0.11024,  1.00,  0.33858,  0.93701,  0.07874, -1.00,  0.7915,  0.61844,  1.00,  1.00,  1.00,  0.49804, 1, 0, 0, 0, 0, 0, 0, 0,  1.00,  0.00,  0.00,  0.00,  0.00,  0.00,  0.00,  0.00
329, 24961,  13.48984,  23.98106,  49.46443,  0.29921,  0.94488,  0.11024,  1.00,  0.33858,  0.93701,  0.07874, -1.00,  0.78501,  0.61844,  1.00,  1.00,  1.00,  0.49804, 1, 0, 0, 0, 0, 0, 0, 0,  1.00,  0.00,  0.00,  0.00,  0.00,  0.00,  0.00,  0.00
330, 24962,  13.65727,  23.94878,  49.2937,  0.29921,  0.94488,  0.11024,  1.00,  0.33858,  0.93701,  0.07874, -1.00,  0.7821,  0.62051,  1.00,  1.00,  1.00,  0.49804, 1, 0, 0, 0, 0, 0, 0, 0,  1.00,  0.00,  0.00,  0.00,  0.00,  0.00,  0.00,  0.00
331, 24961,  13.48984,  23.98106,  49.46443,  0.29921,  0.94488,  0.11024,  1.00,  0.33858,  0.93701,  0.07874, -1.00,  0.78501,  0.61844,  1.00,  1.00,  1.00,  0.49804, 1, 0, 0, 0, 0, 0, 0, 0,  1.00,  0.00,  0.00,  0.00,  0.00,  0.00,  0.00,  0.00
332, 24926,  13.19419,  24.09478,  49.2937,  0.29921,  0.94488,  0.11024,  1.00,  0.33858,  0.93701,  0.07874, -1.00,  0.7915,  0.62051,  1.00,  1.00,  1.00,  0.49804, 1, 0, 0, 0, 0, 0, 0, 0,  1.00,  0.00,  0.00,  0.00,  0.00,  0.00,  0.00,  0.00
333, 24926,  13.19419,  24.09478,  49.2937,  0.29921,  0.94488,  0.11024,  1.00,  0.33858,  0.93701,  0.07874, -1.00,  0.7915,  0.62051,  1.00,  1.00,  1.00,  0.49804, 1, 0, 0, 0, 0, 0, 0, 0,  1.00,  0.00,  0.00,  0.00,  0.00,  0.00,  0.00,  0.00
334, 24961,  13.48984,  23.98106,  49.46443,  0.29921,  0.94488,  0.11024,  1.00,  0.33858,  0.93701,  0.07874, -1.00,  0.78501,  0.61844,  1.00,  1.00,  1.00,  0.49804, 1, 0, 0, 0, 0, 0, 0, 0,  1.00,  0.00,  0.00,  0.00,  0.00,  0.00,  0.00,  0.00
335, 24963,  13.18831,  24.07612,  49.46444,  0.29921,  0.94488,  0.11024,  1.00,  0.33858,  0.93701,  0.07874, -1.00,  0.7915,  0.61844,  1.00,  1.00,  1.00,  0.49804, 1, 0, 0, 0, 0, 0, 0, 0,  1.00,  0.00,  0.00,  0.00,  0.00,  0.00,  0.00,  0.00
